ID_2,TAXONOMY,BUILDINGS,SETTLEMENT_TYPE,DWELLINGS,DWELLINGS_PER_BUILDING
1,CR/LFINF+CDN/H:3,2345.9196,RURAL,7037.7588,3
1,CR/LFINF+CDN/H:3,11054.6877,URBAN,33164.0631,3
1,CR/LWAL+CDN/HBET:4-10,125.0363,RURAL,1250.363,10
1,CR/LWAL+CDN/HBET:4-10,589.2092,URBAN,5892.092,10
1,MUR+CB/LWAL+CDN/HBET:1-2,774.0344,RURAL,774.0344,1
1,MUR+CB/LWAL+CDN/HBET:1-2,3647.4858,URBAN,3647.4858,1
1,MUR+CB/LWAL+CDN/HBET:1-4,132.479,RURAL,529.916,4
1,MUR+CB/LWAL+CDN/HBET:1-4,624.2812,URBAN,2497.1248,4
1,MUR+CL/LWAL+CDN/HBET:1-4,64.0067,RURAL,256.0268,4
1,MUR+CL/LWAL+CDN/HBET:1-4,301.619,URBAN,1206.476,4
1,MUR+CL/LWAL+CDN/HBET:1-4,459.955,RURAL,919.91,2
1,MUR+CL/LWAL+CDN/HBET:1-4,2167.4483,URBAN,4334.8966,2
1,W/LPB+CDL/HBET:1-3,556.7093,RURAL,556.7093,1
1,W/LPB+CDL/HBET:1-3,2623.384,URBAN,2623.384,1
1,W/LWAL+CDL/HBET:1-3,287.2858,RURAL,861.8574,3
1,W/LWAL+CDL/HBET:1-3,1353.7784,URBAN,4061.3352,3
2,CR/LFINF+CDN/H:3,1768.9648,RURAL,5306.8944,3
2,CR/LFINF+CDN/H:3,884.0247,URBAN,2652.0741,3
2,CR/LWAL+CDN/HBET:4-10,94.2849,RURAL,942.849,10
2,CR/LWAL+CDN/HBET:4-10,47.1181,URBAN,471.181,10
2,MUR+CB/LWAL+CDN/HBET:1-2,583.6686,RURAL,583.6686,1
2,MUR+CB/LWAL+CDN/HBET:1-2,291.6833,URBAN,291.6833,1
2,MUR+CB/LWAL+CDN/HBET:1-4,99.8971,RURAL,399.5884,4
2,MUR+CB/LWAL+CDN/HBET:1-4,49.9227,URBAN,199.6908,4
2,MUR+CL/LWAL+CDN/HBET:1-4,48.2649,RURAL,193.0596,4
2,MUR+CL/LWAL+CDN/HBET:1-4,24.12,URBAN,96.48,4
2,MUR+CL/LWAL+CDN/HBET:1-4,346.8338,RURAL,693.6676,2
2,MUR+CL/LWAL+CDN/HBET:1-4,173.3272,URBAN,346.6544,2
2,W/LPB+CDL/HBET:1-3,419.7924,RURAL,419.7924,1
2,W/LPB+CDL/HBET:1-3,209.7876,URBAN,209.7876,1
2,W/LWAL+CDL/HBET:1-3,216.6308,RURAL,649.8924,3
2,W/LWAL+CDL/HBET:1-3,108.2594,URBAN,324.7782,3
3,CR/LFINF+CDN/H:3,1474.8757,RURAL,4424.6271,3
3,CR/LFINF+CDN/H:3,807.5828,URBAN,2422.7484,3
3,CR/LWAL+CDN/HBET:4-10,78.6101,RURAL,786.101,10
3,CR/LWAL+CDN/HBET:4-10,43.0438,URBAN,430.438,10
3,MUR+CB/LWAL+CDN/HBET:1-2,486.6341,RURAL,486.6341,1
3,MUR+CB/LWAL+CDN/HBET:1-2,266.4613,URBAN,266.4613,1
3,MUR+CB/LWAL+CDN/HBET:1-4,83.2893,RURAL,333.1572,4
3,MUR+CB/LWAL+CDN/HBET:1-4,45.6059,URBAN,182.4236,4
3,MUR+CL/LWAL+CDN/HBET:1-4,40.2409,RURAL,160.9636,4
3,MUR+CL/LWAL+CDN/HBET:1-4,22.0343,URBAN,88.1372,4
3,MUR+CL/LWAL+CDN/HBET:1-4,289.173,RURAL,578.346,2
3,MUR+CL/LWAL+CDN/HBET:1-4,158.3395,URBAN,316.679,2
3,W/LPB+CDL/HBET:1-3,350.0022,RURAL,350.0022,1
3,W/LPB+CDL/HBET:1-3,191.6472,URBAN,191.6472,1
3,W/LWAL+CDL/HBET:1-3,180.6161,RURAL,541.8483,3
3,W/LWAL+CDL/HBET:1-3,98.8981,URBAN,296.6943,3
4,CR/LFINF+CDN/H:3,2105.0319,RURAL,6315.0957,3
4,CR/LFINF+CDN/H:3,777.6143,URBAN,2332.8429,3
4,CR/LWAL+CDN/HBET:4-10,112.1971,RURAL,1121.971,10
4,CR/LWAL+CDN/HBET:4-10,41.4464,URBAN,414.464,10
4,MUR+CB/LWAL+CDN/HBET:1-2,694.5537,RURAL,694.5537,1
4,MUR+CB/LWAL+CDN/HBET:1-2,256.5733,URBAN,256.5733,1
4,MUR+CB/LWAL+CDN/HBET:1-4,118.8755,RURAL,475.502,4
4,MUR+CB/LWAL+CDN/HBET:1-4,43.9135,URBAN,175.654,4
4,MUR+CL/LWAL+CDN/HBET:1-4,57.4342,RURAL,229.7368,4
4,MUR+CL/LWAL+CDN/HBET:1-4,21.2166,URBAN,84.8664,4
4,MUR+CL/LWAL+CDN/HBET:1-4,412.7252,RURAL,825.4504,2
4,MUR+CL/LWAL+CDN/HBET:1-4,152.4637,URBAN,304.9274,2
4,W/LPB+CDL/HBET:1-3,499.5444,RURAL,499.5444,1
4,W/LPB+CDL/HBET:1-3,184.5354,URBAN,184.5354,1
4,W/LWAL+CDL/HBET:1-3,257.7863,RURAL,773.3589,3
4,W/LWAL+CDL/HBET:1-3,95.2281,URBAN,285.6843,3
5,CR/LFINF+CDN/H:3,1685.9706,RURAL,5057.9118,3
5,CR/LFINF+CDN/H:3,433.8709,URBAN,1301.6127,3
5,CR/LWAL+CDN/HBET:4-10,89.8614,RURAL,898.614,10
5,CR/LWAL+CDN/HBET:4-10,23.1251,URBAN,231.251,10
5,MUR+CB/LWAL+CDN/HBET:1-2,556.2847,RURAL,556.2847,1
5,MUR+CB/LWAL+CDN/HBET:1-2,143.1554,URBAN,143.1554,1
5,MUR+CB/LWAL+CDN/HBET:1-4,95.2103,RURAL,380.8412,4
5,MUR+CB/LWAL+CDN/HBET:1-4,24.5016,URBAN,98.0064,4
5,MUR+CL/LWAL+CDN/HBET:1-4,46.0005,RURAL,184.002,4
5,MUR+CL/LWAL+CDN/HBET:1-4,11.8378,URBAN,47.3512,4
5,MUR+CL/LWAL+CDN/HBET:1-4,330.5615,RURAL,661.123,2
5,MUR+CL/LWAL+CDN/HBET:1-4,85.0673,URBAN,170.1346,2
5,W/LPB+CDL/HBET:1-3,400.0971,RURAL,400.0971,1
5,W/LPB+CDL/HBET:1-3,102.9618,URBAN,102.9618,1
5,W/LWAL+CDL/HBET:1-3,206.4672,RURAL,619.4016,3
5,W/LWAL+CDL/HBET:1-3,53.1327,URBAN,159.3981,3
6,CR/LFINF+CDN/H:3,2233.3018,RURAL,6699.9054,3
6,CR/LFINF+CDN/H:3,1454.9484,URBAN,4364.8452,3
6,CR/LWAL+CDN/HBET:4-10,119.0339,RURAL,1190.339,10
6,CR/LWAL+CDN/HBET:4-10,77.548,URBAN,775.48,10
6,MUR+CB/LWAL+CDN/HBET:1-2,736.8762,RURAL,736.8762,1
6,MUR+CB/LWAL+CDN/HBET:1-2,480.0591,URBAN,480.0591,1
6,MUR+CB/LWAL+CDN/HBET:1-4,126.1192,RURAL,504.4768,4
6,MUR+CB/LWAL+CDN/HBET:1-4,82.164,URBAN,328.656,4
6,MUR+CL/LWAL+CDN/HBET:1-4,60.934,RURAL,243.736,4
6,MUR+CL/LWAL+CDN/HBET:1-4,39.6972,URBAN,158.7888,4
6,MUR+CL/LWAL+CDN/HBET:1-4,437.8745,RURAL,875.749,2
6,MUR+CL/LWAL+CDN/HBET:1-4,285.2659,URBAN,570.5318,2
6,W/LPB+CDL/HBET:1-3,529.9841,RURAL,529.9841,1
6,W/LPB+CDL/HBET:1-3,345.2733,URBAN,345.2733,1
6,W/LWAL+CDL/HBET:1-3,273.4944,RURAL,820.4832,3
6,W/LWAL+CDL/HBET:1-3,178.1758,URBAN,534.5274,3
7,CR/LFINF+CDN/H:3,2277.085,RURAL,6831.255,3
7,CR/LFINF+CDN/H:3,5286.0963,URBAN,15858.2889,3
7,CR/LWAL+CDN/HBET:4-10,121.3675,RURAL,1213.675,10
7,CR/LWAL+CDN/HBET:4-10,281.7462,URBAN,2817.462,10
7,MUR+CB/LWAL+CDN/HBET:1-2,751.3225,RURAL,751.3225,1
7,MUR+CB/LWAL+CDN/HBET:1-2,1744.1434,URBAN,1744.1434,1
7,MUR+CB/LWAL+CDN/HBET:1-4,128.5917,RURAL,514.3668,4
7,MUR+CB/LWAL+CDN/HBET:1-4,298.5169,URBAN,1194.0676,4
7,MUR+CL/LWAL+CDN/HBET:1-4,62.1286,RURAL,248.5144,4
7,MUR+CL/LWAL+CDN/HBET:1-4,144.2272,URBAN,576.9088,4
7,MUR+CL/LWAL+CDN/HBET:1-4,446.4589,RURAL,892.9178,2
7,MUR+CL/LWAL+CDN/HBET:1-4,1036.4237,URBAN,2072.8474,2
7,W/LPB+CDL/HBET:1-3,540.3742,RURAL,540.3742,1
7,W/LPB+CDL/HBET:1-3,1254.4416,URBAN,1254.4416,1
7,W/LWAL+CDL/HBET:1-3,278.8562,RURAL,836.5686,3
7,W/LWAL+CDL/HBET:1-3,647.3455,URBAN,1942.0365,3
8,CR/LFINF+CDN/H:3,546.5098,URBAN,1639.5294,3
8,CR/LWAL+CDN/HBET:4-10,29.1287,URBAN,291.287,10
8,MUR+CB/LWAL+CDN/HBET:1-2,180.3205,URBAN,180.3205,1
8,MUR+CB/LWAL+CDN/HBET:1-4,30.8625,URBAN,123.45,4
8,MUR+CL/LWAL+CDN/HBET:1-4,14.9111,URBAN,59.6444,4
8,MUR+CL/LWAL+CDN/HBET:1-4,107.152,URBAN,214.304,2
8,W/LPB+CDL/HBET:1-3,129.692,URBAN,129.692,1
8,W/LWAL+CDL/HBET:1-3,66.9266,URBAN,200.7798,3
9,CR/LFINF+CDN/H:3,2005.1568,RURAL,6015.4704,3
9,CR/LFINF+CDN/H:3,777.0346,URBAN,2331.1038,3
9,CR/LWAL+CDN/HBET:4-10,106.8738,RURAL,1068.738,10
9,CR/LWAL+CDN/HBET:4-10,41.4155,URBAN,414.155,10
9,MUR+CB/LWAL+CDN/HBET:1-2,661.6,RURAL,661.6,1
9,MUR+CB/LWAL+CDN/HBET:1-2,256.382,URBAN,256.382,1
9,MUR+CB/LWAL+CDN/HBET:1-4,113.2354,RURAL,452.9416,4
9,MUR+CB/LWAL+CDN/HBET:1-4,43.8808,URBAN,175.5232,4
9,MUR+CL/LWAL+CDN/HBET:1-4,54.7092,RURAL,218.8368,4
9,MUR+CL/LWAL+CDN/HBET:1-4,21.2008,URBAN,84.8032,4
9,MUR+CL/LWAL+CDN/HBET:1-4,393.1431,RURAL,786.2862,2
9,MUR+CL/LWAL+CDN/HBET:1-4,152.3501,URBAN,304.7002,2
9,W/LPB+CDL/HBET:1-3,475.8431,RURAL,475.8431,1
9,W/LPB+CDL/HBET:1-3,184.3978,URBAN,184.3978,1
9,W/LWAL+CDL/HBET:1-3,245.5554,RURAL,736.6662,3
9,W/LWAL+CDL/HBET:1-3,95.1572,URBAN,285.4716,3
10,CR/LFINF+CDN/H:3,2687.5163,RURAL,8062.5489,3
10,CR/LFINF+CDN/H:3,341.9098,URBAN,1025.7294,3
10,CR/LWAL+CDN/HBET:4-10,143.2433,RURAL,1432.433,10
10,CR/LWAL+CDN/HBET:4-10,18.2236,URBAN,182.236,10
10,MUR+CB/LWAL+CDN/HBET:1-2,886.7439,RURAL,886.7439,1
10,MUR+CB/LWAL+CDN/HBET:1-2,112.8129,URBAN,112.8129,1
10,MUR+CB/LWAL+CDN/HBET:1-4,151.7696,RURAL,607.0784,4
10,MUR+CB/LWAL+CDN/HBET:1-4,19.3084,URBAN,77.2336,4
10,MUR+CL/LWAL+CDN/HBET:1-4,73.3269,RURAL,293.3076,4
10,MUR+CL/LWAL+CDN/HBET:1-4,9.3288,URBAN,37.3152,4
10,MUR+CL/LWAL+CDN/HBET:1-4,526.9305,RURAL,1053.861,2
10,MUR+CL/LWAL+CDN/HBET:1-4,67.0369,URBAN,134.0738,2
10,W/LPB+CDL/HBET:1-3,637.7735,RURAL,637.7735,1
10,W/LPB+CDL/HBET:1-3,81.1385,URBAN,81.1385,1
10,W/LWAL+CDL/HBET:1-3,329.1184,RURAL,987.3552,3
10,W/LWAL+CDL/HBET:1-3,41.8709,URBAN,125.6127,3
11,CR/LFINF+CDN/H:3,15.44,RURAL,46.32,3
11,CR/LFINF+CDN/H:3,45.1003,URBAN,135.3009,3
11,CR/LWAL+CDN/HBET:4-10,2.4038,URBAN,24.038,10
11,MUR+CB/LWAL+CDN/HBET:1-2,5.0944,RURAL,5.0944,1
11,MUR+CB/LWAL+CDN/HBET:1-2,14.8808,URBAN,14.8808,1
11,MUR+CB/LWAL+CDN/HBET:1-4,2.5469,URBAN,10.1876,4
11,MUR+CL/LWAL+CDN/HBET:1-4,1.2305,URBAN,4.922,4
11,MUR+CL/LWAL+CDN/HBET:1-4,3.0273,RURAL,6.0546,2
11,MUR+CL/LWAL+CDN/HBET:1-4,8.8426,URBAN,17.6852,2
11,W/LPB+CDL/HBET:1-3,3.6641,RURAL,3.6641,1
11,W/LPB+CDL/HBET:1-3,10.7027,URBAN,10.7027,1
11,W/LWAL+CDL/HBET:1-3,1.8908,RURAL,5.6724,3
11,W/LWAL+CDL/HBET:1-3,5.5231,URBAN,16.5693,3
12,CR/LFINF+CDN/H:3,1211.2995,RURAL,3633.8985,3
12,CR/LFINF+CDN/H:3,2513.1306,URBAN,7539.3918,3
12,CR/LWAL+CDN/HBET:4-10,64.5616,RURAL,645.616,10
12,CR/LWAL+CDN/HBET:4-10,133.9486,URBAN,1339.486,10
12,MUR+CB/LWAL+CDN/HBET:1-2,399.6673,RURAL,399.6673,1
12,MUR+CB/LWAL+CDN/HBET:1-2,829.2055,URBAN,829.2055,1
12,MUR+CB/LWAL+CDN/HBET:1-4,68.4046,RURAL,273.6184,4
12,MUR+CB/LWAL+CDN/HBET:1-4,141.9217,URBAN,567.6868,4
12,MUR+CL/LWAL+CDN/HBET:1-4,33.0494,RURAL,132.1976,4
12,MUR+CL/LWAL+CDN/HBET:1-4,68.5689,URBAN,274.2756,4
12,MUR+CL/LWAL+CDN/HBET:1-4,237.4946,RURAL,474.9892,2
12,MUR+CL/LWAL+CDN/HBET:1-4,492.7394,URBAN,985.4788,2
12,W/LPB+CDL/HBET:1-3,287.453,RURAL,287.453,1
12,W/LPB+CDL/HBET:1-3,596.3901,URBAN,596.3901,1
12,W/LWAL+CDL/HBET:1-3,148.3381,RURAL,445.0143,3
12,W/LWAL+CDL/HBET:1-3,307.7628,URBAN,923.2884,3
13,CR/LFINF+CDN/H:3,2431.0222,RURAL,7293.0666,3
13,CR/LFINF+CDN/H:3,2292.4791,URBAN,6877.4373,3
13,CR/LWAL+CDN/HBET:4-10,129.5723,RURAL,1295.723,10
13,CR/LWAL+CDN/HBET:4-10,122.188,URBAN,1221.88,10
13,MUR+CB/LWAL+CDN/HBET:1-2,802.1139,RURAL,802.1139,1
13,MUR+CB/LWAL+CDN/HBET:1-2,756.4017,URBAN,756.4017,1
13,MUR+CB/LWAL+CDN/HBET:1-4,137.2849,RURAL,549.1396,4
13,MUR+CB/LWAL+CDN/HBET:1-4,129.4611,URBAN,517.8444,4
13,MUR+CL/LWAL+CDN/HBET:1-4,66.3287,RURAL,265.3148,4
13,MUR+CL/LWAL+CDN/HBET:1-4,62.5486,URBAN,250.1944,4
13,MUR+CL/LWAL+CDN/HBET:1-4,476.6408,RURAL,953.2816,2
13,MUR+CL/LWAL+CDN/HBET:1-4,449.4772,URBAN,898.9544,2
13,W/LPB+CDL/HBET:1-3,576.905,RURAL,576.905,1
13,W/LPB+CDL/HBET:1-3,544.0274,URBAN,544.0274,1
13,W/LWAL+CDL/HBET:1-3,297.7077,RURAL,893.1231,3
13,W/LWAL+CDL/HBET:1-3,280.7414,URBAN,842.2242,3
14,CR/LFINF+CDN/H:3,2163.3026,RURAL,6489.9078,3
14,CR/LFINF+CDN/H:3,1372.5996,URBAN,4117.7988,3
14,CR/LWAL+CDN/HBET:4-10,115.3029,RURAL,1153.029,10
14,CR/LWAL+CDN/HBET:4-10,73.1589,URBAN,731.589,10
14,MUR+CB/LWAL+CDN/HBET:1-2,713.78,RURAL,713.78,1
14,MUR+CB/LWAL+CDN/HBET:1-2,452.8882,URBAN,452.8882,1
14,MUR+CB/LWAL+CDN/HBET:1-4,122.1662,RURAL,488.6648,4
14,MUR+CB/LWAL+CDN/HBET:1-4,77.5136,URBAN,310.0544,4
14,MUR+CL/LWAL+CDN/HBET:1-4,59.0241,RURAL,236.0964,4
14,MUR+CL/LWAL+CDN/HBET:1-4,37.4504,URBAN,149.8016,4
14,MUR+CL/LWAL+CDN/HBET:1-4,424.1501,RURAL,848.3002,2
14,MUR+CL/LWAL+CDN/HBET:1-4,269.1201,URBAN,538.2402,2
14,W/LPB+CDL/HBET:1-3,513.3726,RURAL,513.3726,1
14,W/LPB+CDL/HBET:1-3,325.7311,URBAN,325.7311,1
14,W/LWAL+CDL/HBET:1-3,264.9222,RURAL,794.7666,3
14,W/LWAL+CDL/HBET:1-3,168.0912,URBAN,504.2736,3
15,CR/LFINF+CDN/H:3,4666.4558,RURAL,13999.3674,3
15,CR/LFINF+CDN/H:3,28496.1309,URBAN,85488.3927,3
15,CR/LWAL+CDN/HBET:4-10,248.7197,RURAL,2487.197,10
15,CR/LWAL+CDN/HBET:4-10,1518.8293,URBAN,15188.293,10
15,MUR+CB/LWAL+CDN/HBET:1-2,1539.6935,RURAL,1539.6935,1
15,MUR+CB/LWAL+CDN/HBET:1-2,9402.2767,URBAN,9402.2767,1
15,MUR+CB/LWAL+CDN/HBET:1-4,263.5245,RURAL,1054.098,4
15,MUR+CB/LWAL+CDN/HBET:1-4,1609.2358,URBAN,6436.9432,4
15,MUR+CL/LWAL+CDN/HBET:1-4,127.3208,RURAL,509.2832,4
15,MUR+CL/LWAL+CDN/HBET:1-4,777.496,URBAN,3109.984,4
15,MUR+CL/LWAL+CDN/HBET:1-4,914.9333,RURAL,1829.8666,2
15,MUR+CL/LWAL+CDN/HBET:1-4,5587.1221,URBAN,11174.2442,2
15,W/LPB+CDL/HBET:1-3,1107.395,RURAL,1107.395,1
15,W/LPB+CDL/HBET:1-3,6762.4067,URBAN,6762.4067,1
15,W/LWAL+CDL/HBET:1-3,571.4632,RURAL,1714.3896,3
15,W/LWAL+CDL/HBET:1-3,3489.6912,URBAN,10469.0736,3
16,CR/LFINF+CDN/H:3,2029.7666,RURAL,6089.2998,3
16,CR/LFINF+CDN/H:3,1020.3548,URBAN,3061.0644,3
16,CR/LWAL+CDN/HBET:4-10,108.1855,RURAL,1081.855,10
16,CR/LWAL+CDN/HBET:4-10,54.3844,URBAN,543.844,10
16,MUR+CB/LWAL+CDN/HBET:1-2,669.7199,RURAL,669.7199,1
16,MUR+CB/LWAL+CDN/HBET:1-2,336.6653,URBAN,336.6653,1
16,MUR+CB/LWAL+CDN/HBET:1-4,114.6251,RURAL,458.5004,4
16,MUR+CB/LWAL+CDN/HBET:1-4,57.6216,URBAN,230.4864,4
16,MUR+CL/LWAL+CDN/HBET:1-4,55.3807,RURAL,221.5228,4
16,MUR+CL/LWAL+CDN/HBET:1-4,27.8396,URBAN,111.3584,4
16,MUR+CL/LWAL+CDN/HBET:1-4,397.9682,RURAL,795.9364,2
16,MUR+CL/LWAL+CDN/HBET:1-4,200.0569,URBAN,400.1138,2
16,W/LPB+CDL/HBET:1-3,481.6832,RURAL,481.6832,1
16,W/LPB+CDL/HBET:1-3,242.14,URBAN,242.14,1
16,W/LWAL+CDL/HBET:1-3,248.5691,RURAL,745.7073,3
16,W/LWAL+CDL/HBET:1-3,124.9546,URBAN,374.8638,3
17,CR/LFINF+CDN/H:3,2215.2345,RURAL,6645.7035,3
17,CR/LFINF+CDN/H:3,895.0236,URBAN,2685.0708,3
17,CR/LWAL+CDN/HBET:4-10,118.0709,RURAL,1180.709,10
17,CR/LWAL+CDN/HBET:4-10,47.7043,URBAN,477.043,10
17,MUR+CB/LWAL+CDN/HBET:1-2,730.9149,RURAL,730.9149,1
17,MUR+CB/LWAL+CDN/HBET:1-2,295.3123,URBAN,295.3123,1
17,MUR+CB/LWAL+CDN/HBET:1-4,125.0989,RURAL,500.3956,4
17,MUR+CB/LWAL+CDN/HBET:1-4,50.5438,URBAN,202.1752,4
17,MUR+CL/LWAL+CDN/HBET:1-4,60.441,RURAL,241.764,4
17,MUR+CL/LWAL+CDN/HBET:1-4,24.4201,URBAN,97.6804,4
17,MUR+CL/LWAL+CDN/HBET:1-4,434.3321,RURAL,868.6642,2
17,MUR+CL/LWAL+CDN/HBET:1-4,175.4837,URBAN,350.9674,2
17,W/LPB+CDL/HBET:1-3,525.6965,RURAL,525.6965,1
17,W/LPB+CDL/HBET:1-3,212.3977,URBAN,212.3977,1
17,W/LWAL+CDL/HBET:1-3,271.2819,RURAL,813.8457,3
17,W/LWAL+CDL/HBET:1-3,109.6063,URBAN,328.8189,3
18,CR/LFINF+CDN/H:3,2765.8384,RURAL,8297.5152,3
18,CR/LFINF+CDN/H:3,1606.5644,URBAN,4819.6932,3
18,CR/LWAL+CDN/HBET:4-10,147.4178,RURAL,1474.178,10
18,CR/LWAL+CDN/HBET:4-10,85.6291,URBAN,856.291,10
18,MUR+CB/LWAL+CDN/HBET:1-2,912.5863,RURAL,912.5863,1
18,MUR+CB/LWAL+CDN/HBET:1-2,530.0847,URBAN,530.0847,1
18,MUR+CB/LWAL+CDN/HBET:1-4,156.1926,RURAL,624.7704,4
18,MUR+CB/LWAL+CDN/HBET:1-4,90.726,URBAN,362.904,4
18,MUR+CL/LWAL+CDN/HBET:1-4,75.4639,RURAL,301.8556,4
18,MUR+CL/LWAL+CDN/HBET:1-4,43.8339,URBAN,175.3356,4
18,MUR+CL/LWAL+CDN/HBET:1-4,542.2868,RURAL,1084.5736,2
18,MUR+CL/LWAL+CDN/HBET:1-4,314.9926,URBAN,629.9852,2
18,W/LPB+CDL/HBET:1-3,656.3601,RURAL,656.3601,1
18,W/LPB+CDL/HBET:1-3,381.2532,URBAN,381.2532,1
18,W/LWAL+CDL/HBET:1-3,338.7099,RURAL,1016.1297,3
18,W/LWAL+CDL/HBET:1-3,196.743,URBAN,590.229,3
19,CR/LFINF+CDN/H:3,975.2112,RURAL,2925.6336,3
19,CR/LFINF+CDN/H:3,13693.334,URBAN,41080.002,3
19,CR/LWAL+CDN/HBET:4-10,51.9783,RURAL,519.783,10
19,CR/LWAL+CDN/HBET:4-10,729.8477,URBAN,7298.477,10
19,MUR+CB/LWAL+CDN/HBET:1-2,321.7702,RURAL,321.7702,1
19,MUR+CB/LWAL+CDN/HBET:1-2,4518.1051,URBAN,4518.1051,1
19,MUR+CB/LWAL+CDN/HBET:1-4,55.0722,RURAL,220.2888,4
19,MUR+CB/LWAL+CDN/HBET:1-4,773.2911,URBAN,3093.1644,4
19,MUR+CL/LWAL+CDN/HBET:1-4,26.6079,RURAL,106.4316,4
19,MUR+CL/LWAL+CDN/HBET:1-4,373.6125,URBAN,1494.45,4
19,MUR+CL/LWAL+CDN/HBET:1-4,191.2058,RURAL,382.4116,2
19,MUR+CL/LWAL+CDN/HBET:1-4,2684.7971,URBAN,5369.5942,2
19,W/LPB+CDL/HBET:1-3,231.427,RURAL,231.427,1
19,W/LPB+CDL/HBET:1-3,3249.5602,URBAN,3249.5602,1
19,W/LWAL+CDL/HBET:1-3,119.4262,RURAL,358.2786,3
19,W/LWAL+CDL/HBET:1-3,1676.9121,URBAN,5030.7363,3
20,CR/LFINF+CDN/H:3,1315.551,RURAL,3946.653,3
20,CR/LFINF+CDN/H:3,1836.616,URBAN,5509.848,3
20,CR/LWAL+CDN/HBET:4-10,70.1182,RURAL,701.182,10
20,CR/LWAL+CDN/HBET:4-10,97.8907,URBAN,978.907,10
20,MUR+CB/LWAL+CDN/HBET:1-2,434.065,RURAL,434.065,1
20,MUR+CB/LWAL+CDN/HBET:1-2,605.99,URBAN,605.99,1
20,MUR+CB/LWAL+CDN/HBET:1-4,74.2919,RURAL,297.1676,4
20,MUR+CB/LWAL+CDN/HBET:1-4,103.7175,URBAN,414.87,4
20,MUR+CL/LWAL+CDN/HBET:1-4,35.8938,RURAL,143.5752,4
20,MUR+CL/LWAL+CDN/HBET:1-4,50.1107,URBAN,200.4428,4
20,MUR+CL/LWAL+CDN/HBET:1-4,257.9348,RURAL,515.8696,2
20,MUR+CL/LWAL+CDN/HBET:1-4,360.0979,URBAN,720.1958,2
20,W/LPB+CDL/HBET:1-3,312.1929,RURAL,312.1929,1
20,W/LPB+CDL/HBET:1-3,435.8467,URBAN,435.8467,1
20,W/LWAL+CDL/HBET:1-3,161.1049,RURAL,483.3147,3
20,W/LWAL+CDL/HBET:1-3,224.9155,URBAN,674.7465,3
21,CR/LFINF+CDN/H:3,82.1536,RURAL,246.4608,3
21,CR/LFINF+CDN/H:3,1287.8322,URBAN,3863.4966,3
21,CR/LWAL+CDN/HBET:4-10,4.3787,RURAL,43.787,10
21,CR/LWAL+CDN/HBET:4-10,68.6408,URBAN,686.408,10
21,MUR+CB/LWAL+CDN/HBET:1-2,27.1065,RURAL,27.1065,1
21,MUR+CB/LWAL+CDN/HBET:1-2,424.9193,URBAN,424.9193,1
21,MUR+CB/LWAL+CDN/HBET:1-4,4.6394,RURAL,18.5576,4
21,MUR+CB/LWAL+CDN/HBET:1-4,72.7266,URBAN,290.9064,4
21,MUR+CL/LWAL+CDN/HBET:1-4,2.2415,RURAL,8.966,4
21,MUR+CL/LWAL+CDN/HBET:1-4,35.1376,URBAN,140.5504,4
21,MUR+CL/LWAL+CDN/HBET:1-4,16.1075,RURAL,32.215,2
21,MUR+CL/LWAL+CDN/HBET:1-4,252.5001,URBAN,505.0002,2
21,W/LPB+CDL/HBET:1-3,19.4959,RURAL,19.4959,1
21,W/LPB+CDL/HBET:1-3,305.615,URBAN,305.615,1
21,W/LWAL+CDL/HBET:1-3,10.0607,RURAL,30.1821,3
21,W/LWAL+CDL/HBET:1-3,157.7104,URBAN,473.1312,3
22,CR/LFINF+CDN/H:3,738.8001,RURAL,2216.4003,3
22,CR/LFINF+CDN/H:3,570.7514,URBAN,1712.2542,3
22,CR/LWAL+CDN/HBET:4-10,39.3777,RURAL,393.777,10
22,CR/LWAL+CDN/HBET:4-10,30.4208,URBAN,304.208,10
22,MUR+CB/LWAL+CDN/HBET:1-2,243.7665,RURAL,243.7665,1
22,MUR+CB/LWAL+CDN/HBET:1-2,188.319,URBAN,188.319,1
22,MUR+CB/LWAL+CDN/HBET:1-4,41.7216,RURAL,166.8864,4
22,MUR+CB/LWAL+CDN/HBET:1-4,32.2315,URBAN,128.926,4
22,MUR+CL/LWAL+CDN/HBET:1-4,20.1576,RURAL,80.6304,4
22,MUR+CL/LWAL+CDN/HBET:1-4,15.5725,URBAN,62.29,4
22,MUR+CL/LWAL+CDN/HBET:1-4,144.8536,RURAL,289.7072,2
22,MUR+CL/LWAL+CDN/HBET:1-4,111.9049,URBAN,223.8098,2
22,W/LPB+CDL/HBET:1-3,175.3244,RURAL,175.3244,1
22,W/LPB+CDL/HBET:1-3,135.4448,URBAN,135.4448,1
22,W/LWAL+CDL/HBET:1-3,90.4749,RURAL,271.4247,3
22,W/LWAL+CDL/HBET:1-3,69.8953,URBAN,209.6859,3
23,CR/LFINF+CDN/H:3,1321.4765,RURAL,3964.4295,3
23,CR/LFINF+CDN/H:3,562.5349,URBAN,1687.6047,3
23,CR/LWAL+CDN/HBET:4-10,70.434,RURAL,704.34,10
23,CR/LWAL+CDN/HBET:4-10,29.9828,URBAN,299.828,10
23,MUR+CB/LWAL+CDN/HBET:1-2,436.0202,RURAL,436.0202,1
23,MUR+CB/LWAL+CDN/HBET:1-2,185.608,URBAN,185.608,1
23,MUR+CB/LWAL+CDN/HBET:1-4,74.6265,RURAL,298.506,4
23,MUR+CB/LWAL+CDN/HBET:1-4,31.7675,URBAN,127.07,4
23,MUR+CL/LWAL+CDN/HBET:1-4,36.0555,RURAL,144.222,4
23,MUR+CL/LWAL+CDN/HBET:1-4,15.3484,URBAN,61.3936,4
23,MUR+CL/LWAL+CDN/HBET:1-4,259.0966,RURAL,518.1932,2
23,MUR+CL/LWAL+CDN/HBET:1-4,110.294,URBAN,220.588,2
23,W/LPB+CDL/HBET:1-3,313.5991,RURAL,313.5991,1
23,W/LPB+CDL/HBET:1-3,133.495,URBAN,133.495,1
23,W/LWAL+CDL/HBET:1-3,161.8306,RURAL,485.4918,3
23,W/LWAL+CDL/HBET:1-3,68.8891,URBAN,206.6673,3
24,CR/LFINF+CDN/H:3,2860.6859,RURAL,8582.0577,3
24,CR/LFINF+CDN/H:3,311.7939,URBAN,935.3817,3
24,CR/LWAL+CDN/HBET:4-10,152.4731,RURAL,1524.731,10
24,CR/LWAL+CDN/HBET:4-10,16.6185,URBAN,166.185,10
24,MUR+CB/LWAL+CDN/HBET:1-2,943.8811,RURAL,943.8811,1
24,MUR+CB/LWAL+CDN/HBET:1-2,102.8762,URBAN,102.8762,1
24,MUR+CB/LWAL+CDN/HBET:1-4,161.5489,RURAL,646.1956,4
24,MUR+CB/LWAL+CDN/HBET:1-4,17.6077,URBAN,70.4308,4
24,MUR+CL/LWAL+CDN/HBET:1-4,78.0517,RURAL,312.2068,4
24,MUR+CL/LWAL+CDN/HBET:1-4,8.5071,URBAN,34.0284,4
24,MUR+CL/LWAL+CDN/HBET:1-4,560.8832,RURAL,1121.7664,2
24,MUR+CL/LWAL+CDN/HBET:1-4,61.1322,URBAN,122.2644,2
24,W/LPB+CDL/HBET:1-3,678.8684,RURAL,678.8684,1
24,W/LPB+CDL/HBET:1-3,73.9917,URBAN,73.9917,1
24,W/LWAL+CDL/HBET:1-3,350.3251,RURAL,1050.9753,3
24,W/LWAL+CDL/HBET:1-3,38.1829,URBAN,114.5487,3
25,CR/LFINF+CDN/H:3,2727.0886,RURAL,8181.2658,3
25,CR/LFINF+CDN/H:3,4370.5194,URBAN,13111.5582,3
25,CR/LWAL+CDN/HBET:4-10,145.3524,RURAL,1453.524,10
25,CR/LWAL+CDN/HBET:4-10,232.9465,URBAN,2329.465,10
25,MUR+CB/LWAL+CDN/HBET:1-2,899.8008,RURAL,899.8008,1
25,MUR+CB/LWAL+CDN/HBET:1-2,1442.0495,URBAN,1442.0495,1
25,MUR+CB/LWAL+CDN/HBET:1-4,154.0044,RURAL,616.0176,4
25,MUR+CB/LWAL+CDN/HBET:1-4,246.8123,URBAN,987.2492,4
25,MUR+CL/LWAL+CDN/HBET:1-4,74.4066,RURAL,297.6264,4
25,MUR+CL/LWAL+CDN/HBET:1-4,119.2464,URBAN,476.9856,4
25,MUR+CL/LWAL+CDN/HBET:1-4,534.6893,RURAL,1069.3786,2
25,MUR+CL/LWAL+CDN/HBET:1-4,856.9102,URBAN,1713.8204,2
25,W/LPB+CDL/HBET:1-3,647.1644,RURAL,647.1644,1
25,W/LPB+CDL/HBET:1-3,1037.1664,URBAN,1037.1664,1
25,W/LWAL+CDL/HBET:1-3,333.9645,RURAL,1001.8935,3
25,W/LWAL+CDL/HBET:1-3,535.2222,URBAN,1605.6666,3
26,CR/LFINF+CDN/H:3,2364.8482,RURAL,7094.5446,3
26,CR/LFINF+CDN/H:3,947.6149,URBAN,2842.8447,3
26,CR/LWAL+CDN/HBET:4-10,126.0452,RURAL,1260.452,10
26,CR/LWAL+CDN/HBET:4-10,50.5074,URBAN,505.074,10
26,MUR+CB/LWAL+CDN/HBET:1-2,780.2799,RURAL,780.2799,1
26,MUR+CB/LWAL+CDN/HBET:1-2,312.6648,URBAN,312.6648,1
26,MUR+CB/LWAL+CDN/HBET:1-4,133.5479,RURAL,534.1916,4
26,MUR+CB/LWAL+CDN/HBET:1-4,53.5138,URBAN,214.0552,4
26,MUR+CL/LWAL+CDN/HBET:1-4,64.5231,RURAL,258.0924,4
26,MUR+CL/LWAL+CDN/HBET:1-4,25.855,URBAN,103.42,4
26,MUR+CL/LWAL+CDN/HBET:1-4,463.6663,RURAL,927.3326,2
26,MUR+CL/LWAL+CDN/HBET:1-4,185.7951,URBAN,371.5902,2
26,W/LPB+CDL/HBET:1-3,561.2013,RURAL,561.2013,1
26,W/LPB+CDL/HBET:1-3,224.8782,URBAN,224.8782,1
26,W/LWAL+CDL/HBET:1-3,289.6039,RURAL,868.8117,3
26,W/LWAL+CDL/HBET:1-3,116.0468,URBAN,348.1404,3
27,CR/LFINF+CDN/H:3,1440.9414,RURAL,4322.8242,3
27,CR/LFINF+CDN/H:3,1088.2531,URBAN,3264.7593,3
27,CR/LWAL+CDN/HBET:4-10,76.8014,RURAL,768.014,10
27,CR/LWAL+CDN/HBET:4-10,58.0033,URBAN,580.033,10
27,MUR+CB/LWAL+CDN/HBET:1-2,475.4375,RURAL,475.4375,1
27,MUR+CB/LWAL+CDN/HBET:1-2,359.0683,URBAN,359.0683,1
27,MUR+CB/LWAL+CDN/HBET:1-4,81.373,RURAL,325.492,4
27,MUR+CB/LWAL+CDN/HBET:1-4,61.4559,URBAN,245.8236,4
27,MUR+CL/LWAL+CDN/HBET:1-4,39.315,RURAL,157.26,4
27,MUR+CL/LWAL+CDN/HBET:1-4,29.6922,URBAN,118.7688,4
27,MUR+CL/LWAL+CDN/HBET:1-4,282.5196,RURAL,565.0392,2
27,MUR+CL/LWAL+CDN/HBET:1-4,213.3694,URBAN,426.7388,2
27,W/LPB+CDL/HBET:1-3,341.9493,RURAL,341.9493,1
27,W/LPB+CDL/HBET:1-3,258.253,URBAN,258.253,1
27,W/LWAL+CDL/HBET:1-3,176.4605,RURAL,529.3815,3
27,W/LWAL+CDL/HBET:1-3,133.2696,URBAN,399.8088,3
28,CR/LFINF+CDN/H:3,1136.2118,RURAL,3408.6354,3
28,CR/LFINF+CDN/H:3,606.0599,URBAN,1818.1797,3
28,CR/LWAL+CDN/HBET:4-10,60.5595,RURAL,605.595,10
28,CR/LWAL+CDN/HBET:4-10,32.3027,URBAN,323.027,10
28,MUR+CB/LWAL+CDN/HBET:1-2,374.8922,RURAL,374.8922,1
28,MUR+CB/LWAL+CDN/HBET:1-2,199.969,URBAN,199.969,1
28,MUR+CB/LWAL+CDN/HBET:1-4,64.1642,RURAL,256.6568,4
28,MUR+CB/LWAL+CDN/HBET:1-4,34.2255,URBAN,136.902,4
28,MUR+CL/LWAL+CDN/HBET:1-4,31.0007,RURAL,124.0028,4
28,MUR+CL/LWAL+CDN/HBET:1-4,16.5359,URBAN,66.1436,4
28,MUR+CL/LWAL+CDN/HBET:1-4,222.7725,RURAL,445.545,2
28,MUR+CL/LWAL+CDN/HBET:1-4,118.8277,URBAN,237.6554,2
28,W/LPB+CDL/HBET:1-3,269.634,RURAL,269.634,1
28,W/LPB+CDL/HBET:1-3,143.8239,URBAN,143.8239,1
28,W/LWAL+CDL/HBET:1-3,139.1427,RURAL,417.4281,3
28,W/LWAL+CDL/HBET:1-3,74.2193,URBAN,222.6579,3
29,CR/LFINF+CDN/H:3,2835.6303,RURAL,8506.8909,3
29,CR/LFINF+CDN/H:3,8928.9767,URBAN,26786.9301,3
29,CR/LWAL+CDN/HBET:4-10,151.1377,RURAL,1511.377,10
29,CR/LWAL+CDN/HBET:4-10,475.9099,URBAN,4759.099,10
29,MUR+CB/LWAL+CDN/HBET:1-2,935.614,RURAL,935.614,1
29,MUR+CB/LWAL+CDN/HBET:1-2,2946.1091,URBAN,2946.1091,1
29,MUR+CB/LWAL+CDN/HBET:1-4,160.1339,RURAL,640.5356,4
29,MUR+CB/LWAL+CDN/HBET:1-4,504.2379,URBAN,2016.9516,4
29,MUR+CL/LWAL+CDN/HBET:1-4,77.3681,RURAL,309.4724,4
29,MUR+CL/LWAL+CDN/HBET:1-4,243.6206,URBAN,974.4824,4
29,MUR+CL/LWAL+CDN/HBET:1-4,555.9707,RURAL,1111.9414,2
29,MUR+CL/LWAL+CDN/HBET:1-4,1750.6686,URBAN,3501.3372,2
29,W/LPB+CDL/HBET:1-3,672.9224,RURAL,672.9224,1
29,W/LPB+CDL/HBET:1-3,2118.9323,URBAN,2118.9323,1
29,W/LWAL+CDL/HBET:1-3,347.2568,RURAL,1041.7704,3
29,W/LWAL+CDL/HBET:1-3,1093.4597,URBAN,3280.3791,3
30,CR/LFINF+CDN/H:3,1866.3346,RURAL,5599.0038,3
30,CR/LFINF+CDN/H:3,624.2396,URBAN,1872.7188,3
30,CR/LWAL+CDN/HBET:4-10,99.4747,RURAL,994.747,10
30,CR/LWAL+CDN/HBET:4-10,33.2717,URBAN,332.717,10
30,MUR+CB/LWAL+CDN/HBET:1-2,615.7957,RURAL,615.7957,1
30,MUR+CB/LWAL+CDN/HBET:1-2,205.9674,URBAN,205.9674,1
30,MUR+CB/LWAL+CDN/HBET:1-4,105.3958,RURAL,421.5832,4
30,MUR+CB/LWAL+CDN/HBET:1-4,35.2521,URBAN,141.0084,4
30,MUR+CL/LWAL+CDN/HBET:1-4,50.9216,RURAL,203.6864,4
30,MUR+CL/LWAL+CDN/HBET:1-4,17.0319,URBAN,68.1276,4
30,MUR+CL/LWAL+CDN/HBET:1-4,365.9247,RURAL,731.8494,2
30,MUR+CL/LWAL+CDN/HBET:1-4,122.3922,URBAN,244.7844,2
30,W/LPB+CDL/HBET:1-3,442.8992,RURAL,442.8992,1
30,W/LPB+CDL/HBET:1-3,148.1381,URBAN,148.1381,1
30,W/LWAL+CDL/HBET:1-3,228.5549,RURAL,685.6647,3
30,W/LWAL+CDL/HBET:1-3,76.4456,URBAN,229.3368,3
31,CR/LFINF+CDN/H:3,1858.7697,RURAL,5576.3091,3
31,CR/LFINF+CDN/H:3,1197.054,URBAN,3591.162,3
31,CR/LWAL+CDN/HBET:4-10,99.0715,RURAL,990.715,10
31,CR/LWAL+CDN/HBET:4-10,63.8024,URBAN,638.024,10
31,MUR+CB/LWAL+CDN/HBET:1-2,613.2997,RURAL,613.2997,1
31,MUR+CB/LWAL+CDN/HBET:1-2,394.9671,URBAN,394.9671,1
31,MUR+CB/LWAL+CDN/HBET:1-4,104.9686,RURAL,419.8744,4
31,MUR+CB/LWAL+CDN/HBET:1-4,67.6001,URBAN,270.4004,4
31,MUR+CL/LWAL+CDN/HBET:1-4,50.7152,RURAL,202.8608,4
31,MUR+CL/LWAL+CDN/HBET:1-4,32.6607,URBAN,130.6428,4
31,MUR+CL/LWAL+CDN/HBET:1-4,364.4415,RURAL,728.883,2
31,MUR+CL/LWAL+CDN/HBET:1-4,234.7016,URBAN,469.4032,2
31,W/LPB+CDL/HBET:1-3,441.104,RURAL,441.104,1
31,W/LPB+CDL/HBET:1-3,284.0725,URBAN,284.0725,1
31,W/LWAL+CDL/HBET:1-3,227.6285,RURAL,682.8855,3
31,W/LWAL+CDL/HBET:1-3,146.5935,URBAN,439.7805,3
32,CR/LFINF+CDN/H:3,1741.1172,RURAL,5223.3516,3
32,CR/LFINF+CDN/H:3,448.2023,URBAN,1344.6069,3
32,CR/LWAL+CDN/HBET:4-10,92.8007,RURAL,928.007,10
32,CR/LWAL+CDN/HBET:4-10,23.889,URBAN,238.89,10
32,MUR+CB/LWAL+CDN/HBET:1-2,574.4803,RURAL,574.4803,1
32,MUR+CB/LWAL+CDN/HBET:1-2,147.884,URBAN,147.884,1
32,MUR+CB/LWAL+CDN/HBET:1-4,98.3245,RURAL,393.298,4
32,MUR+CB/LWAL+CDN/HBET:1-4,25.3109,URBAN,101.2436,4
32,MUR+CL/LWAL+CDN/HBET:1-4,47.5051,RURAL,190.0204,4
32,MUR+CL/LWAL+CDN/HBET:1-4,12.2289,URBAN,48.9156,4
32,MUR+CL/LWAL+CDN/HBET:1-4,341.3739,RURAL,682.7478,2
32,MUR+CL/LWAL+CDN/HBET:1-4,87.8772,URBAN,175.7544,2
32,W/LPB+CDL/HBET:1-3,413.1839,RURAL,413.1839,1
32,W/LPB+CDL/HBET:1-3,106.3627,URBAN,106.3627,1
32,W/LWAL+CDL/HBET:1-3,213.2206,RURAL,639.6618,3
32,W/LWAL+CDL/HBET:1-3,54.8877,URBAN,164.6631,3
33,CR/LFINF+CDN/H:3,1987.0707,RURAL,5961.2121,3
33,CR/LFINF+CDN/H:3,671.9129,URBAN,2015.7387,3
33,CR/LWAL+CDN/HBET:4-10,105.9099,RURAL,1059.099,10
33,CR/LWAL+CDN/HBET:4-10,35.8126,URBAN,358.126,10
33,MUR+CB/LWAL+CDN/HBET:1-2,655.6325,RURAL,655.6325,1
33,MUR+CB/LWAL+CDN/HBET:1-2,221.6971,URBAN,221.6971,1
33,MUR+CB/LWAL+CDN/HBET:1-4,112.214,RURAL,448.856,4
33,MUR+CB/LWAL+CDN/HBET:1-4,37.9443,URBAN,151.7772,4
33,MUR+CL/LWAL+CDN/HBET:1-4,54.2158,RURAL,216.8632,4
33,MUR+CL/LWAL+CDN/HBET:1-4,18.3326,URBAN,73.3304,4
33,MUR+CL/LWAL+CDN/HBET:1-4,389.597,RURAL,779.194,2
33,MUR+CL/LWAL+CDN/HBET:1-4,131.7393,URBAN,263.4786,2
33,W/LPB+CDL/HBET:1-3,471.5511,RURAL,471.5511,1
33,W/LPB+CDL/HBET:1-3,159.4514,URBAN,159.4514,1
33,W/LWAL+CDL/HBET:1-3,243.3405,RURAL,730.0215,3
33,W/LWAL+CDL/HBET:1-3,82.2837,URBAN,246.8511,3
34,CR/LFINF+CDN/H:3,1699.6267,RURAL,5098.8801,3
34,CR/LFINF+CDN/H:3,2078.9476,URBAN,6236.8428,3
34,CR/LWAL+CDN/HBET:4-10,90.5892,RURAL,905.892,10
34,CR/LWAL+CDN/HBET:4-10,110.8069,URBAN,1108.069,10
34,MUR+CB/LWAL+CDN/HBET:1-2,560.7905,RURAL,560.7905,1
34,MUR+CB/LWAL+CDN/HBET:1-2,685.9472,URBAN,685.9472,1
34,MUR+CB/LWAL+CDN/HBET:1-4,95.9815,RURAL,383.926,4
34,MUR+CB/LWAL+CDN/HBET:1-4,117.4025,URBAN,469.61,4
34,MUR+CL/LWAL+CDN/HBET:1-4,46.3731,RURAL,185.4924,4
34,MUR+CL/LWAL+CDN/HBET:1-4,56.7226,URBAN,226.8904,4
34,MUR+CL/LWAL+CDN/HBET:1-4,333.239,RURAL,666.478,2
34,MUR+CL/LWAL+CDN/HBET:1-4,407.6109,URBAN,815.2218,2
34,W/LPB+CDL/HBET:1-3,403.3378,RURAL,403.3378,1
34,W/LPB+CDL/HBET:1-3,493.3543,URBAN,493.3543,1
34,W/LWAL+CDL/HBET:1-3,208.1396,RURAL,624.4188,3
34,W/LWAL+CDL/HBET:1-3,254.5919,URBAN,763.7757,3
35,CR/LFINF+CDN/H:3,1305.8465,RURAL,3917.5395,3
35,CR/LFINF+CDN/H:3,3004.8719,URBAN,9014.6157,3
35,CR/LWAL+CDN/HBET:4-10,69.601,RURAL,696.01,10
35,CR/LWAL+CDN/HBET:4-10,160.1581,URBAN,1601.581,10
35,MUR+CB/LWAL+CDN/HBET:1-2,430.8631,RURAL,430.8631,1
35,MUR+CB/LWAL+CDN/HBET:1-2,991.4552,URBAN,991.4552,1
35,MUR+CB/LWAL+CDN/HBET:1-4,73.7439,RURAL,294.9756,4
35,MUR+CB/LWAL+CDN/HBET:1-4,169.6914,URBAN,678.7656,4
35,MUR+CL/LWAL+CDN/HBET:1-4,35.6291,RURAL,142.5164,4
35,MUR+CL/LWAL+CDN/HBET:1-4,81.9857,URBAN,327.9428,4
35,MUR+CL/LWAL+CDN/HBET:1-4,256.0321,RURAL,512.0642,2
35,MUR+CL/LWAL+CDN/HBET:1-4,589.1532,URBAN,1178.3064,2
35,W/LPB+CDL/HBET:1-3,309.89,RURAL,309.89,1
35,W/LPB+CDL/HBET:1-3,713.0851,URBAN,713.0851,1
35,W/LWAL+CDL/HBET:1-3,159.9165,RURAL,479.7495,3
35,W/LWAL+CDL/HBET:1-3,367.9824,URBAN,1103.9472,3
36,CR/LFINF+CDN/H:3,2277.897,RURAL,6833.691,3
36,CR/LFINF+CDN/H:3,1660.8661,URBAN,4982.5983,3
36,CR/LWAL+CDN/HBET:4-10,121.4108,RURAL,1214.108,10
36,CR/LWAL+CDN/HBET:4-10,88.5233,URBAN,885.233,10
36,MUR+CB/LWAL+CDN/HBET:1-2,751.5904,RURAL,751.5904,1
36,MUR+CB/LWAL+CDN/HBET:1-2,548.0015,URBAN,548.0015,1
36,MUR+CB/LWAL+CDN/HBET:1-4,128.6376,RURAL,514.5504,4
36,MUR+CB/LWAL+CDN/HBET:1-4,93.7926,URBAN,375.1704,4
36,MUR+CL/LWAL+CDN/HBET:1-4,62.1507,RURAL,248.6028,4
36,MUR+CL/LWAL+CDN/HBET:1-4,45.3155,URBAN,181.262,4
36,MUR+CL/LWAL+CDN/HBET:1-4,446.6181,RURAL,893.2362,2
36,MUR+CL/LWAL+CDN/HBET:1-4,325.6394,URBAN,651.2788,2
36,W/LPB+CDL/HBET:1-3,540.5669,RURAL,540.5669,1
36,W/LPB+CDL/HBET:1-3,394.1396,URBAN,394.1396,1
36,W/LWAL+CDL/HBET:1-3,278.9557,RURAL,836.8671,3
36,W/LWAL+CDL/HBET:1-3,203.3929,URBAN,610.1787,3
37,CR/LFINF+CDN/H:3,1915.5925,RURAL,5746.7775,3
37,CR/LFINF+CDN/H:3,2249.5278,URBAN,6748.5834,3
37,CR/LWAL+CDN/HBET:4-10,102.1001,RURAL,1021.001,10
37,CR/LWAL+CDN/HBET:4-10,119.8987,URBAN,1198.987,10
37,MUR+CB/LWAL+CDN/HBET:1-2,632.0483,RURAL,632.0483,1
37,MUR+CB/LWAL+CDN/HBET:1-2,742.23,URBAN,742.23,1
37,MUR+CB/LWAL+CDN/HBET:1-4,108.1775,RURAL,432.71,4
37,MUR+CB/LWAL+CDN/HBET:1-4,127.0355,URBAN,508.142,4
37,MUR+CL/LWAL+CDN/HBET:1-4,52.2655,RURAL,209.062,4
37,MUR+CL/LWAL+CDN/HBET:1-4,61.3767,URBAN,245.5068,4
37,MUR+CL/LWAL+CDN/HBET:1-4,375.5825,RURAL,751.165,2
37,MUR+CL/LWAL+CDN/HBET:1-4,441.0559,URBAN,882.1118,2
37,W/LPB+CDL/HBET:1-3,454.5886,RURAL,454.5886,1
37,W/LPB+CDL/HBET:1-3,533.8346,URBAN,533.8346,1
37,W/LWAL+CDL/HBET:1-3,234.5872,RURAL,703.7616,3
37,W/LWAL+CDL/HBET:1-3,275.4815,URBAN,826.4445,3
38,CR/LFINF+CDN/H:3,1694.2056,RURAL,5082.6168,3
38,CR/LFINF+CDN/H:3,853.3698,URBAN,2560.1094,3
38,CR/LWAL+CDN/HBET:4-10,90.3003,RURAL,903.003,10
38,CR/LWAL+CDN/HBET:4-10,45.4842,URBAN,454.842,10
38,MUR+CB/LWAL+CDN/HBET:1-2,559.0019,RURAL,559.0019,1
38,MUR+CB/LWAL+CDN/HBET:1-2,281.5687,URBAN,281.5687,1
38,MUR+CB/LWAL+CDN/HBET:1-4,95.6753,RURAL,382.7012,4
38,MUR+CB/LWAL+CDN/HBET:1-4,48.1916,URBAN,192.7664,4
38,MUR+CL/LWAL+CDN/HBET:1-4,46.2252,RURAL,184.9008,4
38,MUR+CL/LWAL+CDN/HBET:1-4,23.2836,URBAN,93.1344,4
38,MUR+CL/LWAL+CDN/HBET:1-4,332.1761,RURAL,664.3522,2
38,MUR+CL/LWAL+CDN/HBET:1-4,167.3168,URBAN,334.6336,2
38,W/LPB+CDL/HBET:1-3,402.0513,RURAL,402.0513,1
38,W/LPB+CDL/HBET:1-3,202.5129,URBAN,202.5129,1
38,W/LWAL+CDL/HBET:1-3,207.4757,RURAL,622.4271,3
38,W/LWAL+CDL/HBET:1-3,104.5053,URBAN,313.5159,3
39,CR/LFINF+CDN/H:3,3424.5598,RURAL,10273.6794,3
39,CR/LFINF+CDN/H:3,1923.9258,URBAN,5771.7774,3
39,CR/LWAL+CDN/HBET:4-10,182.5273,RURAL,1825.273,10
39,CR/LWAL+CDN/HBET:4-10,102.5443,URBAN,1025.443,10
39,MUR+CB/LWAL+CDN/HBET:1-2,1129.9309,RURAL,1129.9309,1
39,MUR+CB/LWAL+CDN/HBET:1-2,634.7978,URBAN,634.7978,1
39,MUR+CB/LWAL+CDN/HBET:1-4,193.392,RURAL,773.568,4
39,MUR+CB/LWAL+CDN/HBET:1-4,108.6481,URBAN,434.5924,4
39,MUR+CL/LWAL+CDN/HBET:1-4,93.4366,RURAL,373.7464,4
39,MUR+CL/LWAL+CDN/HBET:1-4,52.4929,URBAN,209.9716,4
39,MUR+CL/LWAL+CDN/HBET:1-4,671.4397,RURAL,1342.8794,2
39,MUR+CL/LWAL+CDN/HBET:1-4,377.2164,URBAN,754.4328,2
39,W/LPB+CDL/HBET:1-3,812.6811,RURAL,812.6811,1
39,W/LPB+CDL/HBET:1-3,456.5661,URBAN,456.5661,1
39,W/LWAL+CDL/HBET:1-3,419.3782,RURAL,1258.1346,3
39,W/LWAL+CDL/HBET:1-3,235.6077,URBAN,706.8231,3
40,CR/LFINF+CDN/H:3,1325.346,RURAL,3976.038,3
40,CR/LFINF+CDN/H:3,516.4457,URBAN,1549.3371,3
40,CR/LWAL+CDN/HBET:4-10,70.6403,RURAL,706.403,10
40,CR/LWAL+CDN/HBET:4-10,27.5263,URBAN,275.263,10
40,MUR+CB/LWAL+CDN/HBET:1-2,437.2969,RURAL,437.2969,1
40,MUR+CB/LWAL+CDN/HBET:1-2,170.4009,URBAN,170.4009,1
40,MUR+CB/LWAL+CDN/HBET:1-4,74.845,RURAL,299.38,4
40,MUR+CB/LWAL+CDN/HBET:1-4,29.1648,URBAN,116.6592,4
40,MUR+CL/LWAL+CDN/HBET:1-4,36.1611,RURAL,144.6444,4
40,MUR+CL/LWAL+CDN/HBET:1-4,14.0908,URBAN,56.3632,4
40,MUR+CL/LWAL+CDN/HBET:1-4,259.8553,RURAL,519.7106,2
40,MUR+CL/LWAL+CDN/HBET:1-4,101.2574,URBAN,202.5148,2
40,W/LPB+CDL/HBET:1-3,314.5174,RURAL,314.5174,1
40,W/LPB+CDL/HBET:1-3,122.5576,URBAN,122.5576,1
40,W/LWAL+CDL/HBET:1-3,162.3044,RURAL,486.9132,3
40,W/LWAL+CDL/HBET:1-3,63.2449,URBAN,189.7347,3
41,CR/LFINF+CDN/H:3,1224.715,RURAL,3674.145,3
41,CR/LFINF+CDN/H:3,2413.2473,URBAN,7239.7419,3
41,CR/LWAL+CDN/HBET:4-10,65.2767,RURAL,652.767,10
41,CR/LWAL+CDN/HBET:4-10,128.6249,URBAN,1286.249,10
41,MUR+CB/LWAL+CDN/HBET:1-2,404.0938,RURAL,404.0938,1
41,MUR+CB/LWAL+CDN/HBET:1-2,796.2491,URBAN,796.2491,1
41,MUR+CB/LWAL+CDN/HBET:1-4,69.1622,RURAL,276.6488,4
41,MUR+CB/LWAL+CDN/HBET:1-4,136.2811,URBAN,545.1244,4
41,MUR+CL/LWAL+CDN/HBET:1-4,33.4154,RURAL,133.6616,4
41,MUR+CL/LWAL+CDN/HBET:1-4,65.8437,URBAN,263.3748,4
41,MUR+CL/LWAL+CDN/HBET:1-4,240.125,RURAL,480.25,2
41,MUR+CL/LWAL+CDN/HBET:1-4,473.1557,URBAN,946.3114,2
41,W/LPB+CDL/HBET:1-3,290.6367,RURAL,290.6367,1
41,W/LPB+CDL/HBET:1-3,572.6869,URBAN,572.6869,1
41,W/LWAL+CDL/HBET:1-3,149.981,RURAL,449.943,3
41,W/LWAL+CDL/HBET:1-3,295.5309,URBAN,886.5927,3
42,CR/LFINF+CDN/H:3,1320.2219,RURAL,3960.6657,3
42,CR/LFINF+CDN/H:3,359.8894,URBAN,1079.6682,3
42,CR/LWAL+CDN/HBET:4-10,70.3672,RURAL,703.672,10
42,CR/LWAL+CDN/HBET:4-10,19.1819,URBAN,191.819,10
42,MUR+CB/LWAL+CDN/HBET:1-2,435.6062,RURAL,435.6062,1
42,MUR+CB/LWAL+CDN/HBET:1-2,118.7452,URBAN,118.7452,1
42,MUR+CB/LWAL+CDN/HBET:1-4,74.5557,RURAL,298.2228,4
42,MUR+CB/LWAL+CDN/HBET:1-4,20.3237,URBAN,81.2948,4
42,MUR+CL/LWAL+CDN/HBET:1-4,36.0213,RURAL,144.0852,4
42,MUR+CL/LWAL+CDN/HBET:1-4,9.8193,URBAN,39.2772,4
42,MUR+CL/LWAL+CDN/HBET:1-4,258.8506,RURAL,517.7012,2
42,MUR+CL/LWAL+CDN/HBET:1-4,70.5621,URBAN,141.1242,2
42,W/LPB+CDL/HBET:1-3,313.3014,RURAL,313.3014,1
42,W/LPB+CDL/HBET:1-3,85.4052,URBAN,85.4052,1
42,W/LWAL+CDL/HBET:1-3,161.6769,RURAL,485.0307,3
42,W/LWAL+CDL/HBET:1-3,44.0728,URBAN,132.2184,3
43,CR/LFINF+CDN/H:3,2459.6091,RURAL,7378.8273,3
43,CR/LFINF+CDN/H:3,479.0491,URBAN,1437.1473,3
43,CR/LWAL+CDN/HBET:4-10,131.0959,RURAL,1310.959,10
43,CR/LWAL+CDN/HBET:4-10,25.5331,URBAN,255.331,10
43,MUR+CB/LWAL+CDN/HBET:1-2,811.5462,RURAL,811.5462,1
43,MUR+CB/LWAL+CDN/HBET:1-2,158.0619,URBAN,158.0619,1
43,MUR+CB/LWAL+CDN/HBET:1-4,138.8992,RURAL,555.5968,4
43,MUR+CB/LWAL+CDN/HBET:1-4,27.0529,URBAN,108.2116,4
43,MUR+CL/LWAL+CDN/HBET:1-4,67.1086,RURAL,268.4344,4
43,MUR+CL/LWAL+CDN/HBET:1-4,13.0705,URBAN,52.282,4
43,MUR+CL/LWAL+CDN/HBET:1-4,482.2457,RURAL,964.4914,2
43,MUR+CL/LWAL+CDN/HBET:1-4,93.9252,URBAN,187.8504,2
43,W/LPB+CDL/HBET:1-3,583.689,RURAL,583.689,1
43,W/LPB+CDL/HBET:1-3,113.683,URBAN,113.683,1
43,W/LWAL+CDL/HBET:1-3,301.2085,RURAL,903.6255,3
43,W/LWAL+CDL/HBET:1-3,58.6653,URBAN,175.9959,3
44,CR/LFINF+CDN/H:3,915.4326,RURAL,2746.2978,3
44,CR/LFINF+CDN/H:3,519.6935,URBAN,1559.0805,3
44,CR/LWAL+CDN/HBET:4-10,48.7921,RURAL,487.921,10
44,CR/LWAL+CDN/HBET:4-10,27.6994,URBAN,276.994,10
44,MUR+CB/LWAL+CDN/HBET:1-2,302.0463,RURAL,302.0463,1
44,MUR+CB/LWAL+CDN/HBET:1-2,171.4725,URBAN,171.4725,1
44,MUR+CB/LWAL+CDN/HBET:1-4,51.6964,RURAL,206.7856,4
44,MUR+CB/LWAL+CDN/HBET:1-4,29.3482,URBAN,117.3928,4
44,MUR+CL/LWAL+CDN/HBET:1-4,24.9769,RURAL,99.9076,4
44,MUR+CL/LWAL+CDN/HBET:1-4,14.1795,URBAN,56.718,4
44,MUR+CL/LWAL+CDN/HBET:1-4,179.4852,RURAL,358.9704,2
44,MUR+CL/LWAL+CDN/HBET:1-4,101.8942,URBAN,203.7884,2
44,W/LPB+CDL/HBET:1-3,217.241,RURAL,217.241,1
44,W/LPB+CDL/HBET:1-3,123.3283,URBAN,123.3283,1
44,W/LWAL+CDL/HBET:1-3,112.1056,RURAL,336.3168,3
44,W/LWAL+CDL/HBET:1-3,63.6427,URBAN,190.9281,3
45,CR/LFINF+CDN/H:3,2588.8626,RURAL,7766.5878,3
45,CR/LWAL+CDN/HBET:4-10,137.9851,RURAL,1379.851,10
45,MUR+CB/LWAL+CDN/HBET:1-2,854.1932,RURAL,854.1932,1
45,MUR+CB/LWAL+CDN/HBET:1-4,146.1985,RURAL,584.794,4
45,MUR+CL/LWAL+CDN/HBET:1-4,70.6352,RURAL,282.5408,4
45,MUR+CL/LWAL+CDN/HBET:1-4,507.5879,RURAL,1015.1758,2
45,W/LPB+CDL/HBET:1-3,614.3621,RURAL,614.3621,1
45,W/LWAL+CDL/HBET:1-3,317.0371,RURAL,951.1113,3
46,CR/LFINF+CDN/H:3,3038.7508,RURAL,9116.2524,3
46,CR/LFINF+CDN/H:3,2916.2235,URBAN,8748.6705,3
46,CR/LWAL+CDN/HBET:4-10,161.9639,RURAL,1619.639,10
46,CR/LWAL+CDN/HBET:4-10,155.4332,URBAN,1554.332,10
46,MUR+CB/LWAL+CDN/HBET:1-2,1002.6335,RURAL,1002.6335,1
46,MUR+CB/LWAL+CDN/HBET:1-2,962.2057,URBAN,962.2057,1
46,MUR+CB/LWAL+CDN/HBET:1-4,171.6046,RURAL,686.4184,4
46,MUR+CB/LWAL+CDN/HBET:1-4,164.6852,URBAN,658.7408,4
46,MUR+CL/LWAL+CDN/HBET:1-4,82.9101,RURAL,331.6404,4
46,MUR+CL/LWAL+CDN/HBET:1-4,79.567,URBAN,318.268,4
46,MUR+CL/LWAL+CDN/HBET:1-4,595.7957,RURAL,1191.5914,2
46,MUR+CL/LWAL+CDN/HBET:1-4,571.7722,URBAN,1143.5444,2
46,W/LPB+CDL/HBET:1-3,721.1249,RURAL,721.1249,1
46,W/LPB+CDL/HBET:1-3,692.048,URBAN,692.048,1
46,W/LWAL+CDL/HBET:1-3,372.1313,RURAL,1116.3939,3
46,W/LWAL+CDL/HBET:1-3,357.1264,URBAN,1071.3792,3
47,CR/LFINF+CDN/H:3,1456.525,RURAL,4369.575,3
47,CR/LFINF+CDN/H:3,2055.9099,URBAN,6167.7297,3
47,CR/LWAL+CDN/HBET:4-10,77.632,RURAL,776.32,10
47,CR/LWAL+CDN/HBET:4-10,109.579,URBAN,1095.79,10
47,MUR+CB/LWAL+CDN/HBET:1-2,480.5793,RURAL,480.5793,1
47,MUR+CB/LWAL+CDN/HBET:1-2,678.3459,URBAN,678.3459,1
47,MUR+CB/LWAL+CDN/HBET:1-4,82.253,RURAL,329.012,4
47,MUR+CB/LWAL+CDN/HBET:1-4,116.1015,URBAN,464.406,4
47,MUR+CL/LWAL+CDN/HBET:1-4,39.7402,RURAL,158.9608,4
47,MUR+CL/LWAL+CDN/HBET:1-4,56.094,URBAN,224.376,4
47,MUR+CL/LWAL+CDN/HBET:1-4,285.575,RURAL,571.15,2
47,MUR+CL/LWAL+CDN/HBET:1-4,403.094,URBAN,806.188,2
47,W/LPB+CDL/HBET:1-3,345.6474,RURAL,345.6474,1
47,W/LPB+CDL/HBET:1-3,487.8872,URBAN,487.8872,1
47,W/LWAL+CDL/HBET:1-3,178.3689,RURAL,535.1067,3
47,W/LWAL+CDL/HBET:1-3,251.7707,URBAN,755.3121,3
48,CR/LFINF+CDN/H:3,8821.3229,RURAL,26463.9687,3
48,CR/LFINF+CDN/H:3,35316.1666,URBAN,105948.4998,3
48,CR/LWAL+CDN/HBET:4-10,470.172,RURAL,4701.72,10
48,CR/LWAL+CDN/HBET:4-10,1882.3338,URBAN,18823.338,10
48,MUR+CB/LWAL+CDN/HBET:1-2,2910.5888,RURAL,2910.5888,1
48,MUR+CB/LWAL+CDN/HBET:1-2,11652.5423,URBAN,11652.5423,1
48,MUR+CB/LWAL+CDN/HBET:1-4,498.1585,RURAL,1992.634,4
48,MUR+CB/LWAL+CDN/HBET:1-4,1994.3774,URBAN,7977.5096,4
48,MUR+CL/LWAL+CDN/HBET:1-4,240.6833,RURAL,962.7332,4
48,MUR+CL/LWAL+CDN/HBET:1-4,963.5756,URBAN,3854.3024,4
48,MUR+CL/LWAL+CDN/HBET:1-4,1729.5614,RURAL,3459.1228,2
48,MUR+CL/LWAL+CDN/HBET:1-4,6924.2992,URBAN,13848.5984,2
48,W/LPB+CDL/HBET:1-3,2093.385,RURAL,2093.385,1
48,W/LPB+CDL/HBET:1-3,8380.867,URBAN,8380.867,1
48,W/LWAL+CDL/HBET:1-3,1080.2762,RURAL,3240.8286,3
48,W/LWAL+CDL/HBET:1-3,4324.8859,URBAN,12974.6577,3