ID_2,TAXONOMY,BUILDINGS,SETTLEMENT_TYPE,POPULATION
1,CR/LWAL+CDL/HBET:3-5,2926.0539,RURAL,17933.7209
1,CR/LWAL+CDL/HBET:3-5,8522.0491,URBAN,52231.4547
1,MUR+CB/LWAL+CDN/H:1,457.1959,RURAL,2802.1439
1,MUR+CB/LWAL+CDN/H:1,1331.5702,URBAN,8161.1648
1,MUR/LWAL+CDN/H:1,3200.3714,RURAL,19615.0073
1,MUR/LWAL+CDN/H:1,9320.9912,URBAN,57128.1536
1,MUR/LWAL+CDN/H:1,365.7567,RURAL,2241.7151
1,MUR/LWAL+CDN/H:1,1065.2561,URBAN,6528.9318
1,W/LFM+CDL/H:1,2194.5404,RURAL,13450.2907
1,W/LFM+CDL/H:1,6391.5368,URBAN,39173.591
2,CR/LWAL+CDL/HBET:3-5,2068.2259,RURAL,12676.1117
2,CR/LWAL+CDL/HBET:3-5,1723.8816,URBAN,10565.633
2,MUR+CB/LWAL+CDN/H:1,323.1603,RURAL,1980.6425
2,MUR+CB/LWAL+CDN/H:1,269.3565,URBAN,1650.8801
2,MUR/LWAL+CDN/H:1,2262.1221,RURAL,13864.4972
2,MUR/LWAL+CDN/H:1,1885.4955,URBAN,11556.1611
2,MUR/LWAL+CDN/H:1,258.5282,RURAL,1584.514
2,MUR/LWAL+CDN/H:1,215.4852,URBAN,1320.7041
2,W/LFM+CDL/H:1,1551.1694,RURAL,9507.0838
2,W/LFM+CDL/H:1,1292.9112,URBAN,7924.2247
3,CR/LWAL+CDL/HBET:3-5,2540.8798,RURAL,15572.9976
3,CR/LWAL+CDL/HBET:3-5,14597.0421,URBAN,89464.9555
3,MUR+CB/LWAL+CDN/H:1,397.0125,RURAL,2433.2809
3,MUR+CB/LWAL+CDN/H:1,2280.7878,URBAN,13978.8993
3,MUR/LWAL+CDN/H:1,2779.0873,RURAL,17032.9661
3,MUR/LWAL+CDN/H:1,15965.5147,URBAN,97852.2951
3,MUR/LWAL+CDN/H:1,317.61,RURAL,1946.6247
3,MUR/LWAL+CDN/H:1,1824.6303,URBAN,11183.1194
3,W/LFM+CDL/H:1,1905.6599,RURAL,11679.7482
3,W/LFM+CDL/H:1,10947.7815,URBAN,67098.7166
4,CR/LWAL+CDL/HBET:3-5,2661.481,RURAL,16312.1598
4,MUR+CB/LWAL+CDN/H:1,415.8564,RURAL,2548.775
4,MUR/LWAL+CDN/H:1,2910.9949,RURAL,17841.4248
4,MUR/LWAL+CDN/H:1,332.6851,RURAL,2039.02
4,W/LFM+CDL/H:1,1996.1108,RURAL,12234.1198
5,CR/LWAL+CDL/HBET:3-5,1898.575,RURAL,11636.3252
5,MUR+CB/LWAL+CDN/H:1,296.6523,RURAL,1818.1758
5,MUR/LWAL+CDN/H:1,2076.5664,RURAL,12727.2307
5,MUR/LWAL+CDN/H:1,237.3219,RURAL,1454.5406
5,W/LFM+CDL/H:1,1423.9313,RURAL,8727.2439
6,CR/LWAL+CDL/HBET:3-5,2529.2887,RURAL,15501.9559
6,MUR+CB/LWAL+CDN/H:1,395.2014,RURAL,2422.1806
6,MUR/LWAL+CDN/H:1,2766.4095,RURAL,16955.2642
6,MUR/LWAL+CDN/H:1,316.1611,RURAL,1937.7445
6,W/LFM+CDL/H:1,1896.9665,RURAL,11626.4669
7,CR/LWAL+CDL/HBET:3-5,3580.4286,RURAL,21944.3696
7,MUR+CB/LWAL+CDN/H:1,559.442,RURAL,3428.8078
7,MUR/LWAL+CDN/H:1,3916.0938,RURAL,24001.6543
7,MUR/LWAL+CDN/H:1,447.5536,RURAL,2743.0462
7,W/LFM+CDL/H:1,2685.3215,RURAL,16458.2772
8,CR/LWAL+CDL/HBET:3-5,2179.8665,RURAL,13360.3545
8,MUR+CB/LWAL+CDN/H:1,340.6041,RURAL,2087.5554
8,MUR/LWAL+CDN/H:1,2384.2289,RURAL,14612.8877
8,MUR/LWAL+CDN/H:1,272.4833,RURAL,1670.0443
8,W/LFM+CDL/H:1,1634.8998,RURAL,10020.2658
9,CR/LWAL+CDL/HBET:3-5,2146.4305,RURAL,13155.4262
9,CR/LWAL+CDL/HBET:3-5,2684.8234,URBAN,16455.2246
9,MUR+CB/LWAL+CDN/H:1,335.3798,RURAL,2055.5353
9,MUR+CB/LWAL+CDN/H:1,419.5037,URBAN,2571.1289
9,MUR/LWAL+CDN/H:1,2347.6584,RURAL,14388.7474
9,MUR/LWAL+CDN/H:1,2936.5256,URBAN,17997.902
9,MUR/LWAL+CDN/H:1,268.3038,RURAL,1644.4283
9,MUR/LWAL+CDN/H:1,335.6029,URBAN,2056.9031
9,W/LFM+CDL/H:1,1609.8229,RURAL,9866.5696
9,W/LFM+CDL/H:1,2013.6176,URBAN,12341.4185
10,CR/LWAL+CDL/HBET:3-5,4001.2462,RURAL,24523.5516
10,MUR+CB/LWAL+CDN/H:1,625.1947,RURAL,3831.8049
10,MUR/LWAL+CDN/H:1,4376.363,RURAL,26822.6346
10,MUR/LWAL+CDN/H:1,500.1558,RURAL,3065.444
10,W/LFM+CDL/H:1,3000.9347,RURAL,18392.6637
11,CR/LWAL+CDL/HBET:3-5,1587.1279,RURAL,9727.4726
11,CR/LWAL+CDL/HBET:3-5,207.7177,URBAN,1273.0976
11,MUR+CB/LWAL+CDN/H:1,247.9887,RURAL,1519.9176
11,MUR+CB/LWAL+CDN/H:1,32.4559,URBAN,198.9215
11,MUR/LWAL+CDN/H:1,1735.9211,RURAL,10639.4232
11,MUR/LWAL+CDN/H:1,227.1913,URBAN,1392.4505
11,MUR/LWAL+CDN/H:1,198.391,RURAL,1215.9341
11,MUR/LWAL+CDN/H:1,25.9647,URBAN,159.1372
11,W/LFM+CDL/H:1,1190.3459,RURAL,7295.6045
11,W/LFM+CDL/H:1,155.7883,URBAN,954.8232
12,CR/LWAL+CDL/HBET:3-5,1633.5694,RURAL,10012.1118
12,MUR+CB/LWAL+CDN/H:1,255.2452,RURAL,1564.3925
12,MUR/LWAL+CDN/H:1,1786.7166,RURAL,10950.7473
12,MUR/LWAL+CDN/H:1,204.1962,RURAL,1251.514
12,W/LFM+CDL/H:1,1225.1771,RURAL,7509.0839
13,CR/LWAL+CDL/HBET:3-5,3273.0915,RURAL,20060.7071
13,CR/LWAL+CDL/HBET:3-5,6817.7957,URBAN,41786.1226
13,MUR+CB/LWAL+CDN/H:1,511.4205,RURAL,3134.4855
13,MUR+CB/LWAL+CDN/H:1,1065.2806,URBAN,6529.0816
13,MUR/LWAL+CDN/H:1,3579.9438,RURAL,21941.3984
13,MUR/LWAL+CDN/H:1,7456.964,URBAN,45703.5716
13,MUR/LWAL+CDN/H:1,409.1364,RURAL,2507.5884
13,MUR/LWAL+CDN/H:1,852.2245,URBAN,5223.2653
13,W/LFM+CDL/H:1,2454.8186,RURAL,15045.5303
13,W/LFM+CDL/H:1,5113.3468,URBAN,31339.5919
14,CR/LWAL+CDL/HBET:3-5,3313.654,RURAL,20309.3137
14,MUR+CB/LWAL+CDN/H:1,517.7584,RURAL,3173.3303
14,MUR/LWAL+CDN/H:1,3624.309,RURAL,22213.3119
14,MUR/LWAL+CDN/H:1,414.2067,RURAL,2538.6642
14,W/LFM+CDL/H:1,2485.2405,RURAL,15231.9853
15,CR/LWAL+CDL/HBET:3-5,4521.3968,RURAL,27711.5435
15,MUR+CB/LWAL+CDN/H:1,706.4683,RURAL,4329.9287
15,MUR/LWAL+CDN/H:1,4945.2778,RURAL,30309.5007
15,MUR/LWAL+CDN/H:1,565.1746,RURAL,3463.9429
15,W/LFM+CDL/H:1,3391.0476,RURAL,20783.6576
16,CR/LWAL+CDL/HBET:3-5,1275.2025,RURAL,7815.6884
16,MUR+CB/LWAL+CDN/H:1,199.2504,RURAL,1221.2013
16,MUR/LWAL+CDN/H:1,1394.7527,RURAL,8548.4092
16,MUR/LWAL+CDN/H:1,159.4003,RURAL,976.9611
16,W/LFM+CDL/H:1,956.4019,RURAL,5861.7663
17,CR/LWAL+CDL/HBET:3-5,1076.222,RURAL,6596.1416
17,MUR+CB/LWAL+CDN/H:1,168.1597,RURAL,1030.6471
17,MUR/LWAL+CDN/H:1,1177.1178,RURAL,7214.5298
17,MUR/LWAL+CDN/H:1,134.5278,RURAL,824.5177
17,W/LFM+CDL/H:1,807.1665,RURAL,4947.1062
18,CR/LWAL+CDL/HBET:3-5,865.9337,RURAL,5307.2891
18,MUR+CB/LWAL+CDN/H:1,135.3021,RURAL,829.2639
18,MUR/LWAL+CDN/H:1,947.115,RURAL,5804.8474
18,MUR/LWAL+CDN/H:1,108.2417,RURAL,663.4111
18,W/LFM+CDL/H:1,649.4503,RURAL,3980.4668
19,CR/LWAL+CDL/HBET:3-5,1417.4271,RURAL,8687.3798
19,CR/LWAL+CDL/HBET:3-5,949.5594,URBAN,5819.8288
19,MUR+CB/LWAL+CDN/H:1,221.473,RURAL,1357.4031
19,MUR+CB/LWAL+CDN/H:1,148.3686,URBAN,909.3483
19,MUR/LWAL+CDN/H:1,1550.3108,RURAL,9501.8217
19,MUR/LWAL+CDN/H:1,1038.5805,URBAN,6365.4378
19,MUR/LWAL+CDN/H:1,177.1784,RURAL,1085.9225
19,MUR/LWAL+CDN/H:1,118.6949,URBAN,727.4786
19,W/LFM+CDL/H:1,1063.0703,RURAL,6515.5349
19,W/LFM+CDL/H:1,712.1695,URBAN,4364.8716
20,CR/LWAL+CDL/HBET:3-5,888.5033,RURAL,5445.6176
20,MUR+CB/LWAL+CDN/H:1,138.8286,RURAL,850.8778
20,MUR/LWAL+CDN/H:1,971.8005,RURAL,5956.1443
20,MUR/LWAL+CDN/H:1,111.0629,RURAL,680.7022
20,W/LFM+CDL/H:1,666.3775,RURAL,4084.2132
21,CR/LWAL+CDL/HBET:3-5,2685.2525,RURAL,16457.8548
21,MUR+CB/LWAL+CDN/H:1,419.5707,RURAL,2571.5398
21,MUR/LWAL+CDN/H:1,2936.995,RURAL,18000.7786
21,MUR/LWAL+CDN/H:1,335.6566,RURAL,2057.2318
21,W/LFM+CDL/H:1,2013.9394,RURAL,12343.3911
22,CR/LWAL+CDL/HBET:3-5,5288.3257,RURAL,32412.0342
22,CR/LWAL+CDL/HBET:3-5,22697.1497,URBAN,139110.3405
22,MUR+CB/LWAL+CDN/H:1,826.3009,RURAL,5064.3803
22,MUR+CB/LWAL+CDN/H:1,3546.4296,URBAN,21735.9907
22,MUR/LWAL+CDN/H:1,5784.1063,RURAL,35450.6624
22,MUR/LWAL+CDN/H:1,24825.0075,URBAN,152151.9349
22,MUR/LWAL+CDN/H:1,661.0407,RURAL,4051.5043
22,MUR/LWAL+CDN/H:1,2837.1437,URBAN,17388.7926
22,W/LFM+CDL/H:1,3966.2443,RURAL,24309.0257
22,W/LFM+CDL/H:1,17022.8623,URBAN,104332.7554
23,CR/LWAL+CDL/HBET:3-5,2429.5911,RURAL,14890.9112
23,CR/LWAL+CDL/HBET:3-5,1169.292,URBAN,7166.5654
23,MUR+CB/LWAL+CDN/H:1,379.6236,RURAL,2326.7049
23,MUR+CB/LWAL+CDN/H:1,182.7019,URBAN,1119.7759
23,MUR/LWAL+CDN/H:1,2657.3652,RURAL,16286.9341
23,MUR/LWAL+CDN/H:1,1278.9131,URBAN,7838.431
23,MUR/LWAL+CDN/H:1,303.6989,RURAL,1861.3639
23,MUR/LWAL+CDN/H:1,146.1615,URBAN,895.8207
23,W/LFM+CDL/H:1,1822.1933,RURAL,11168.1834
23,W/LFM+CDL/H:1,876.969,URBAN,5374.9241
24,CR/LWAL+CDL/HBET:3-5,920.5148,RURAL,5641.8154
24,MUR+CB/LWAL+CDN/H:1,143.8304,RURAL,881.5337
24,MUR/LWAL+CDN/H:1,1006.8131,RURAL,6170.7356
24,MUR/LWAL+CDN/H:1,115.0644,RURAL,705.2269
24,W/LFM+CDL/H:1,690.3861,RURAL,4231.3616
25,CR/LWAL+CDL/HBET:3-5,1285.0101,RURAL,7875.7989
25,MUR+CB/LWAL+CDN/H:1,200.7828,RURAL,1230.5936
25,MUR/LWAL+CDN/H:1,1405.4797,RURAL,8614.155
25,MUR/LWAL+CDN/H:1,160.6263,RURAL,984.4749
25,W/LFM+CDL/H:1,963.7575,RURAL,5906.8492
26,CR/LWAL+CDL/HBET:3-5,902.6727,RURAL,5532.4614
26,MUR+CB/LWAL+CDN/H:1,141.0426,RURAL,864.4471
26,MUR/LWAL+CDN/H:1,987.2982,RURAL,6051.1296
26,MUR/LWAL+CDN/H:1,112.8341,RURAL,691.5577
26,W/LFM+CDL/H:1,677.0045,RURAL,4149.346
27,CR/LWAL+CDL/HBET:3-5,1729.7302,RURAL,10601.4792
27,MUR+CB/LWAL+CDN/H:1,270.2703,RURAL,1656.4811
27,MUR/LWAL+CDN/H:1,1891.8924,RURAL,11595.3679
27,MUR/LWAL+CDN/H:1,216.2163,RURAL,1325.1849
27,W/LFM+CDL/H:1,1297.2977,RURAL,7951.1094
28,CR/LWAL+CDL/HBET:3-5,1235.7723,RURAL,7574.022
28,CR/LWAL+CDL/HBET:3-5,5733.8112,URBAN,35142.4052
28,MUR+CB/LWAL+CDN/H:1,193.0894,RURAL,1183.4409
28,MUR+CB/LWAL+CDN/H:1,895.908,URBAN,5491.0008
28,MUR/LWAL+CDN/H:1,1351.626,RURAL,8284.0866
28,MUR/LWAL+CDN/H:1,6271.356,URBAN,38437.0056
28,MUR/LWAL+CDN/H:1,154.4715,RURAL,946.7527
28,MUR/LWAL+CDN/H:1,716.7264,URBAN,4392.8006
28,W/LFM+CDL/H:1,926.8293,RURAL,5680.5165
28,W/LFM+CDL/H:1,4300.3584,URBAN,26356.8039
29,CR/LWAL+CDL/HBET:3-5,607.5123,RURAL,3723.43
29,MUR+CB/LWAL+CDN/H:1,94.9238,RURAL,581.7859
29,MUR/LWAL+CDN/H:1,664.4666,RURAL,4072.5016
29,MUR/LWAL+CDN/H:1,75.939,RURAL,465.4288
29,W/LFM+CDL/H:1,455.6343,RURAL,2792.5725
30,CR/LWAL+CDL/HBET:3-5,2268.5338,RURAL,13903.7946
30,MUR+CB/LWAL+CDN/H:1,354.4584,RURAL,2172.4679
30,MUR/LWAL+CDN/H:1,2481.2088,RURAL,15207.2754
30,MUR/LWAL+CDN/H:1,283.5667,RURAL,1737.9743
30,W/LFM+CDL/H:1,1701.4003,RURAL,10427.846
31,CR/LWAL+CDL/HBET:3-5,1824.1693,RURAL,11180.2943
31,CR/LWAL+CDL/HBET:3-5,1830.1889,URBAN,11217.1882
31,MUR+CB/LWAL+CDN/H:1,285.0265,RURAL,1746.921
31,MUR+CB/LWAL+CDN/H:1,285.967,URBAN,1752.6856
31,MUR/LWAL+CDN/H:1,1995.1852,RURAL,12228.4469
31,MUR/LWAL+CDN/H:1,2001.7691,URBAN,12268.7995
31,MUR/LWAL+CDN/H:1,228.0212,RURAL,1397.5368
31,MUR/LWAL+CDN/H:1,228.7736,URBAN,1402.1485
31,W/LFM+CDL/H:1,1368.127,RURAL,8385.2207
31,W/LFM+CDL/H:1,1372.6417,URBAN,8412.8911
32,CR/LWAL+CDL/HBET:3-5,2403.1668,RURAL,14728.9574
32,CR/LWAL+CDL/HBET:3-5,3473.9066,URBAN,21291.4986
32,MUR+CB/LWAL+CDN/H:1,375.4948,RURAL,2301.3996
32,MUR+CB/LWAL+CDN/H:1,542.7979,URBAN,3326.7966
32,MUR/LWAL+CDN/H:1,2628.4637,RURAL,16109.7971
32,MUR/LWAL+CDN/H:1,3799.5853,URBAN,23287.5765
32,MUR/LWAL+CDN/H:1,300.3958,RURAL,1841.1197
32,MUR/LWAL+CDN/H:1,434.2383,URBAN,2661.4373
32,W/LFM+CDL/H:1,1802.3751,RURAL,11046.718
32,W/LFM+CDL/H:1,2605.43,URBAN,15968.6239
33,CR/LWAL+CDL/HBET:3-5,2108.5335,RURAL,12923.1564
33,CR/LWAL+CDL/HBET:3-5,3090.3648,URBAN,18940.7792
33,MUR+CB/LWAL+CDN/H:1,329.4584,RURAL,2019.2432
33,MUR+CB/LWAL+CDN/H:1,482.8695,URBAN,2959.4967
33,MUR/LWAL+CDN/H:1,2306.2085,RURAL,14134.7023
33,MUR/LWAL+CDN/H:1,3380.0865,URBAN,20716.4772
33,MUR/LWAL+CDN/H:1,263.5667,RURAL,1615.3945
33,MUR/LWAL+CDN/H:1,386.2956,URBAN,2367.5974
33,W/LFM+CDL/H:1,1581.4001,RURAL,9692.3673
33,W/LFM+CDL/H:1,2317.7736,URBAN,14205.5844
34,CR/LWAL+CDL/HBET:3-5,1179.3137,RURAL,7227.9883
34,CR/LWAL+CDL/HBET:3-5,453.4632,URBAN,2779.2665
34,MUR+CB/LWAL+CDN/H:1,184.2678,RURAL,1129.3732
34,MUR+CB/LWAL+CDN/H:1,70.8536,URBAN,434.2604
34,MUR/LWAL+CDN/H:1,1289.8744,RURAL,7905.6122
34,MUR/LWAL+CDN/H:1,495.9754,URBAN,3039.8227
34,MUR/LWAL+CDN/H:1,147.4142,RURAL,903.4985
34,MUR/LWAL+CDN/H:1,56.6829,URBAN,347.4083
34,W/LFM+CDL/H:1,884.4853,RURAL,5420.9912
34,W/LFM+CDL/H:1,340.0974,URBAN,2084.4498
35,CR/LWAL+CDL/HBET:3-5,1104.3243,RURAL,6768.3795
35,CR/LWAL+CDL/HBET:3-5,18.4935,URBAN,113.3462
35,MUR+CB/LWAL+CDN/H:1,172.5507,RURAL,1057.5593
35,MUR+CB/LWAL+CDN/H:1,2.8896,URBAN,17.7103
35,MUR/LWAL+CDN/H:1,1207.8547,RURAL,7402.9151
35,MUR/LWAL+CDN/H:1,20.2273,URBAN,123.9725
35,MUR/LWAL+CDN/H:1,138.0405,RURAL,846.0474
35,MUR/LWAL+CDN/H:1,2.3117,URBAN,14.1683
35,W/LFM+CDL/H:1,828.2432,RURAL,5076.2847
35,W/LFM+CDL/H:1,13.8701,URBAN,85.0097
36,CR/LWAL+CDL/HBET:3-5,1771.965,RURAL,10860.3352
36,CR/LWAL+CDL/HBET:3-5,3759.1469,URBAN,23039.7299
36,MUR+CB/LWAL+CDN/H:1,276.8695,RURAL,1696.9274
36,MUR+CB/LWAL+CDN/H:1,587.3667,URBAN,3599.9578
36,MUR/LWAL+CDN/H:1,1938.0867,RURAL,11878.4916
36,MUR/LWAL+CDN/H:1,4111.5669,URBAN,25199.7046
36,MUR/LWAL+CDN/H:1,221.4956,RURAL,1357.5419
36,MUR/LWAL+CDN/H:1,469.8934,URBAN,2879.9662
36,W/LFM+CDL/H:1,1328.9737,RURAL,8145.2514
36,W/LFM+CDL/H:1,2819.3601,URBAN,17279.7974
37,CR/LWAL+CDL/HBET:3-5,2613.7999,RURAL,16019.9229
37,MUR+CB/LWAL+CDN/H:1,408.4062,RURAL,2503.113
37,MUR/LWAL+CDN/H:1,2858.8436,RURAL,17521.7907
37,MUR/LWAL+CDN/H:1,326.725,RURAL,2002.4904
37,W/LFM+CDL/H:1,1960.3499,RURAL,12014.9422
38,CR/LWAL+CDL/HBET:3-5,1873.2403,RURAL,11481.0495
38,MUR+CB/LWAL+CDN/H:1,292.6938,RURAL,1793.914
38,MUR/LWAL+CDN/H:1,2048.8566,RURAL,12557.3979
38,MUR/LWAL+CDN/H:1,234.155,RURAL,1435.1312
38,W/LFM+CDL/H:1,1404.9302,RURAL,8610.7871
39,CR/LWAL+CDL/HBET:3-5,1510.3601,RURAL,9256.9645
39,MUR+CB/LWAL+CDN/H:1,235.9938,RURAL,1446.4007
39,MUR/LWAL+CDN/H:1,1651.9564,RURAL,10124.8049
39,MUR/LWAL+CDN/H:1,188.795,RURAL,1157.1206
39,W/LFM+CDL/H:1,1132.7701,RURAL,6942.7234
40,CR/LWAL+CDL/HBET:3-5,1077.6102,RURAL,6604.6497
40,MUR+CB/LWAL+CDN/H:1,168.3766,RURAL,1031.9765
40,MUR/LWAL+CDN/H:1,1178.6362,RURAL,7223.8356
40,MUR/LWAL+CDN/H:1,134.7013,RURAL,825.5812
40,W/LFM+CDL/H:1,808.2077,RURAL,4953.4872
41,CR/LWAL+CDL/HBET:3-5,1946.9246,RURAL,11932.6588
41,MUR+CB/LWAL+CDN/H:1,304.207,RURAL,1864.4779
41,MUR/LWAL+CDN/H:1,2129.4488,RURAL,13051.3456
41,MUR/LWAL+CDN/H:1,243.3656,RURAL,1491.5824
41,W/LFM+CDL/H:1,1460.1934,RURAL,8949.4941
42,CR/LWAL+CDL/HBET:3-5,3482.4505,RURAL,21343.8637
42,CR/LWAL+CDL/HBET:3-5,15890.9219,URBAN,97395.1174
42,MUR+CB/LWAL+CDN/H:1,544.1329,RURAL,3334.9787
42,MUR+CB/LWAL+CDN/H:1,2482.9566,URBAN,15217.9871
42,MUR/LWAL+CDN/H:1,3808.9302,RURAL,23344.8509
42,MUR/LWAL+CDN/H:1,17380.6959,URBAN,106525.9097
42,MUR/LWAL+CDN/H:1,435.3063,RURAL,2667.983
42,MUR/LWAL+CDN/H:1,1986.3652,URBAN,12174.3897
42,W/LFM+CDL/H:1,2611.8378,RURAL,16007.8977
42,W/LFM+CDL/H:1,11918.1915,URBAN,73046.3381
43,CR/LWAL+CDL/HBET:3-5,1985.4023,RURAL,12168.488
43,MUR+CB/LWAL+CDN/H:1,310.2191,RURAL,1901.3262
43,MUR/LWAL+CDN/H:1,2171.5338,RURAL,13309.2838
43,MUR/LWAL+CDN/H:1,248.1753,RURAL,1521.061
43,W/LFM+CDL/H:1,1489.0517,RURAL,9126.366
44,CR/LWAL+CDL/HBET:3-5,1625.7163,RURAL,9963.9803
44,MUR+CB/LWAL+CDN/H:1,254.0182,RURAL,1556.8719
44,MUR/LWAL+CDN/H:1,1778.1272,RURAL,10898.1035
44,MUR/LWAL+CDN/H:1,203.2145,RURAL,1245.4975
44,W/LFM+CDL/H:1,1219.2873,RURAL,7472.9853
45,CR/LWAL+CDL/HBET:3-5,2359.6197,RURAL,14462.0581
45,CR/LWAL+CDL/HBET:3-5,5307.6971,URBAN,32530.7606
45,MUR+CB/LWAL+CDN/H:1,368.6906,RURAL,2259.6966
45,MUR+CB/LWAL+CDN/H:1,829.3277,URBAN,5082.9313
45,MUR/LWAL+CDN/H:1,2580.834,RURAL,15817.876
45,MUR/LWAL+CDN/H:1,5805.2937,URBAN,35580.5194
45,MUR/LWAL+CDN/H:1,294.9525,RURAL,1807.7573
45,MUR/LWAL+CDN/H:1,663.4621,URBAN,4066.3451
45,W/LFM+CDL/H:1,1769.7148,RURAL,10846.5436
45,W/LFM+CDL/H:1,3980.7728,URBAN,24398.0705
46,CR/LWAL+CDL/HBET:3-5,2128.3954,RURAL,13044.8892
46,MUR+CB/LWAL+CDN/H:1,332.5618,RURAL,2038.2639
46,MUR/LWAL+CDN/H:1,2327.9324,RURAL,14267.8475
46,MUR/LWAL+CDN/H:1,266.0494,RURAL,1630.6111
46,W/LFM+CDL/H:1,1596.2965,RURAL,9783.6669
47,CR/LWAL+CDL/HBET:3-5,1486.7627,RURAL,9112.3366
47,CR/LWAL+CDL/HBET:3-5,1571.6095,URBAN,9632.361
47,MUR+CB/LWAL+CDN/H:1,232.3067,RURAL,1423.8026
47,MUR+CB/LWAL+CDN/H:1,245.564,URBAN,1505.0564
47,MUR/LWAL+CDN/H:1,1626.1467,RURAL,9966.6181
47,MUR/LWAL+CDN/H:1,1718.9479,URBAN,10535.3948
47,MUR/LWAL+CDN/H:1,185.8453,RURAL,1139.0421
47,MUR/LWAL+CDN/H:1,196.4512,URBAN,1204.0451
47,W/LFM+CDL/H:1,1115.072,RURAL,6834.2524
47,W/LFM+CDL/H:1,1178.7072,URBAN,7224.2707
48,CR/LWAL+CDL/HBET:3-5,1372.5591,RURAL,8412.385
48,MUR+CB/LWAL+CDN/H:1,214.4624,RURAL,1314.4352
48,MUR/LWAL+CDN/H:1,1501.2365,RURAL,9201.0461
48,MUR/LWAL+CDN/H:1,171.5699,RURAL,1051.5481
48,W/LFM+CDL/H:1,1029.4193,RURAL,6309.2888
49,CR/LWAL+CDL/HBET:3-5,3122.855,RURAL,19139.9108
49,MUR+CB/LWAL+CDN/H:1,487.9461,RURAL,2990.6111
49,MUR/LWAL+CDN/H:1,3415.6226,RURAL,20934.2774
49,MUR/LWAL+CDN/H:1,390.3569,RURAL,2392.4888
49,W/LFM+CDL/H:1,2342.1412,RURAL,14354.9331
50,CR/LWAL+CDL/HBET:3-5,1230.2144,RURAL,7539.9576
50,CR/LWAL+CDL/HBET:3-5,2696.9846,URBAN,16529.7606
50,MUR+CB/LWAL+CDN/H:1,192.221,RURAL,1178.1184
50,MUR+CB/LWAL+CDN/H:1,421.4039,URBAN,2582.7751
50,MUR/LWAL+CDN/H:1,1345.547,RURAL,8246.8286
50,MUR/LWAL+CDN/H:1,2949.827,URBAN,18079.4257
50,MUR/LWAL+CDN/H:1,153.7768,RURAL,942.4947
50,MUR/LWAL+CDN/H:1,337.1231,URBAN,2066.2201
50,W/LFM+CDL/H:1,922.6608,RURAL,5654.9682
50,W/LFM+CDL/H:1,2022.7385,URBAN,12397.3205
51,CR/LWAL+CDL/HBET:3-5,1300.5801,RURAL,7971.2276
51,CR/LWAL+CDL/HBET:3-5,1914.932,URBAN,11736.577
51,MUR+CB/LWAL+CDN/H:1,203.2156,RURAL,1245.5043
51,MUR+CB/LWAL+CDN/H:1,299.2081,URBAN,1833.8402
51,MUR/LWAL+CDN/H:1,1422.5095,RURAL,8718.5302
51,MUR/LWAL+CDN/H:1,2094.4569,URBAN,12836.8811
51,MUR/LWAL+CDN/H:1,162.5725,RURAL,996.4035
51,MUR/LWAL+CDN/H:1,239.3665,URBAN,1467.0721
51,W/LFM+CDL/H:1,975.4351,RURAL,5978.4207
51,W/LFM+CDL/H:1,1436.199,URBAN,8802.4327
52,CR/LWAL+CDL/HBET:3-5,2135.7315,RURAL,13089.852
52,CR/LWAL+CDL/HBET:3-5,2298.2833,URBAN,14086.129
52,MUR+CB/LWAL+CDN/H:1,333.708,RURAL,2045.2894
52,MUR+CB/LWAL+CDN/H:1,359.1068,URBAN,2200.9576
52,MUR/LWAL+CDN/H:1,2335.9563,RURAL,14317.0256
52,MUR/LWAL+CDN/H:1,2513.7474,URBAN,15406.7035
52,MUR/LWAL+CDN/H:1,266.9664,RURAL,1636.2315
52,MUR/LWAL+CDN/H:1,287.2854,URBAN,1760.7661
52,W/LFM+CDL/H:1,1601.7986,RURAL,9817.389
52,W/LFM+CDL/H:1,1723.7125,URBAN,10564.5967
53,CR/LWAL+CDL/HBET:3-5,1980.432,RURAL,12138.0249
53,MUR+CB/LWAL+CDN/H:1,309.4425,RURAL,1896.5664
53,MUR/LWAL+CDN/H:1,2166.0975,RURAL,13275.9648
53,MUR/LWAL+CDN/H:1,247.554,RURAL,1517.2531
53,W/LFM+CDL/H:1,1485.324,RURAL,9103.5187
54,CR/LWAL+CDL/HBET:3-5,1314.8025,RURAL,8058.396
54,MUR+CB/LWAL+CDN/H:1,205.4379,RURAL,1259.1244
54,MUR/LWAL+CDN/H:1,1438.0652,RURAL,8813.8707
54,MUR/LWAL+CDN/H:1,164.3503,RURAL,1007.2995
54,W/LFM+CDL/H:1,986.1019,RURAL,6043.797
55,CR/LWAL+CDL/HBET:3-5,1724.1357,RURAL,10567.1902
55,CR/LWAL+CDL/HBET:3-5,1367.6488,URBAN,8382.2899
55,MUR+CB/LWAL+CDN/H:1,269.3962,RURAL,1651.1235
55,MUR+CB/LWAL+CDN/H:1,213.6951,URBAN,1309.7328
55,MUR/LWAL+CDN/H:1,1885.7734,RURAL,11557.8643
55,MUR/LWAL+CDN/H:1,1495.8659,URBAN,9168.1296
55,MUR/LWAL+CDN/H:1,215.517,RURAL,1320.8988
55,MUR/LWAL+CDN/H:1,170.9561,URBAN,1047.7862
55,W/LFM+CDL/H:1,1293.1017,RURAL,7925.3927
55,W/LFM+CDL/H:1,1025.7366,URBAN,6286.7174
56,CR/LWAL+CDL/HBET:3-5,2881.0268,RURAL,17657.751
56,CR/LWAL+CDL/HBET:3-5,9707.665,URBAN,59498.0689
56,MUR+CB/LWAL+CDN/H:1,450.1604,RURAL,2759.0236
56,MUR+CB/LWAL+CDN/H:1,1516.8226,URBAN,9296.5733
56,MUR/LWAL+CDN/H:1,3151.1231,RURAL,19313.1652
56,MUR/LWAL+CDN/H:1,10617.7585,URBAN,65076.0129
56,MUR/LWAL+CDN/H:1,360.1283,RURAL,2207.2189
56,MUR/LWAL+CDN/H:1,1213.4581,URBAN,7437.2586
56,W/LFM+CDL/H:1,2160.7701,RURAL,13243.3133
56,W/LFM+CDL/H:1,7280.7487,URBAN,44623.5517
57,CR/LWAL+CDL/HBET:3-5,1423.0868,RURAL,8722.0682
57,MUR+CB/LWAL+CDN/H:1,222.3573,RURAL,1362.8232
57,MUR/LWAL+CDN/H:1,1556.5012,RURAL,9539.7621
57,MUR/LWAL+CDN/H:1,177.8858,RURAL,1090.2585
57,W/LFM+CDL/H:1,1067.3151,RURAL,6541.5512
58,CR/LWAL+CDL/HBET:3-5,2289.1287,RURAL,14030.0202
58,MUR+CB/LWAL+CDN/H:1,357.6764,RURAL,2192.1907
58,MUR/LWAL+CDN/H:1,2503.7345,RURAL,15345.3346
58,MUR/LWAL+CDN/H:1,286.1411,RURAL,1753.7525
58,W/LFM+CDL/H:1,1716.8465,RURAL,10522.5152
59,CR/LWAL+CDL/HBET:3-5,1384.3064,RURAL,8484.384
59,MUR+CB/LWAL+CDN/H:1,216.2979,RURAL,1325.685
59,MUR/LWAL+CDN/H:1,1514.0851,RURAL,9279.795
59,MUR/LWAL+CDN/H:1,173.0383,RURAL,1060.548
59,W/LFM+CDL/H:1,1038.2298,RURAL,6363.288
60,CR/LWAL+CDL/HBET:3-5,927.2236,RURAL,5682.9333
60,MUR+CB/LWAL+CDN/H:1,144.8787,RURAL,887.9583
60,MUR/LWAL+CDN/H:1,1014.1508,RURAL,6215.7082
60,MUR/LWAL+CDN/H:1,115.9029,RURAL,710.3667
60,W/LFM+CDL/H:1,695.4177,RURAL,4262.1999
61,CR/LWAL+CDL/HBET:3-5,621.8194,RURAL,3811.1179
61,MUR+CB/LWAL+CDN/H:1,97.1593,RURAL,595.4872
61,MUR/LWAL+CDN/H:1,680.115,RURAL,4168.4102
61,MUR/LWAL+CDN/H:1,77.7274,RURAL,476.3897
61,W/LFM+CDL/H:1,466.3646,RURAL,2858.3384
62,CR/LWAL+CDL/HBET:3-5,1162.3355,RURAL,7123.929
62,MUR+CB/LWAL+CDN/H:1,181.6149,RURAL,1113.1139
62,MUR/LWAL+CDN/H:1,1271.3044,RURAL,7791.7973
62,MUR/LWAL+CDN/H:1,145.2919,RURAL,890.4911
62,W/LFM+CDL/H:1,871.7516,RURAL,5342.9467
63,CR/LWAL+CDL/HBET:3-5,1227.273,RURAL,7521.9296
63,CR/LWAL+CDL/HBET:3-5,1830.7809,URBAN,11220.8166
63,MUR+CB/LWAL+CDN/H:1,191.7614,RURAL,1175.3015
63,MUR+CB/LWAL+CDN/H:1,286.0595,URBAN,1753.2526
63,MUR/LWAL+CDN/H:1,1342.3298,RURAL,8227.1105
63,MUR/LWAL+CDN/H:1,2002.4166,URBAN,12272.7682
63,MUR/LWAL+CDN/H:1,153.4091,RURAL,940.2412
63,MUR/LWAL+CDN/H:1,228.8476,URBAN,1402.6021
63,W/LFM+CDL/H:1,920.4547,RURAL,5641.4472
63,W/LFM+CDL/H:1,1373.0857,URBAN,8415.6125
64,CR/LWAL+CDL/HBET:3-5,1689.5946,RURAL,10355.489
64,MUR+CB/LWAL+CDN/H:1,263.9992,RURAL,1618.0452
64,MUR/LWAL+CDN/H:1,1847.9941,RURAL,11326.3161
64,MUR/LWAL+CDN/H:1,211.1993,RURAL,1294.4361
64,W/LFM+CDL/H:1,1267.196,RURAL,7766.6168
65,CR/LWAL+CDL/HBET:3-5,923.0292,RURAL,5657.2258
65,MUR+CB/LWAL+CDN/H:1,144.2233,RURAL,883.9415
65,MUR/LWAL+CDN/H:1,1009.5631,RURAL,6187.5907
65,MUR/LWAL+CDN/H:1,115.3786,RURAL,707.1532
65,W/LFM+CDL/H:1,692.2719,RURAL,4242.9193
66,CR/LWAL+CDL/HBET:3-5,1142.8798,RURAL,7004.6857
66,CR/LWAL+CDL/HBET:3-5,520.1796,URBAN,3188.1694
66,MUR+CB/LWAL+CDN/H:1,178.575,RURAL,1094.4821
66,MUR+CB/LWAL+CDN/H:1,81.2781,URBAN,498.1515
66,MUR/LWAL+CDN/H:1,1250.0248,RURAL,7661.375
66,MUR/LWAL+CDN/H:1,568.9464,URBAN,3487.0603
66,MUR/LWAL+CDN/H:1,142.86,RURAL,875.5857
66,MUR/LWAL+CDN/H:1,65.0224,URBAN,398.5212
66,W/LFM+CDL/H:1,857.1599,RURAL,5253.5143
66,W/LFM+CDL/H:1,390.1347,URBAN,2391.127
67,CR/LWAL+CDL/HBET:3-5,1171.3203,RURAL,7178.9969
67,MUR+CB/LWAL+CDN/H:1,183.0188,RURAL,1121.7183
67,MUR/LWAL+CDN/H:1,1281.1316,RURAL,7852.0278
67,MUR/LWAL+CDN/H:1,146.415,RURAL,897.3746
67,W/LFM+CDL/H:1,878.4902,RURAL,5384.2476
68,CR/LWAL+CDL/HBET:3-5,1742.2541,RURAL,10678.238
68,MUR+CB/LWAL+CDN/H:1,272.2272,RURAL,1668.4747
68,MUR/LWAL+CDN/H:1,1905.5905,RURAL,11679.3228
68,MUR/LWAL+CDN/H:1,217.7818,RURAL,1334.7798
68,W/LFM+CDL/H:1,1306.6906,RURAL,8008.6785
69,CR/LWAL+CDL/HBET:3-5,715.9783,RURAL,4388.2157
69,MUR+CB/LWAL+CDN/H:1,111.8716,RURAL,685.6587
69,MUR/LWAL+CDN/H:1,783.1013,RURAL,4799.6109
69,MUR/LWAL+CDN/H:1,89.4973,RURAL,548.527
69,W/LFM+CDL/H:1,536.9837,RURAL,3291.1618
70,CR/LWAL+CDL/HBET:3-5,981.3982,RURAL,6014.9682
70,MUR+CB/LWAL+CDN/H:1,153.3435,RURAL,939.8388
70,MUR/LWAL+CDN/H:1,1073.4043,RURAL,6578.8715
70,MUR/LWAL+CDN/H:1,122.6748,RURAL,751.871
70,W/LFM+CDL/H:1,736.0486,RURAL,4511.2262
71,CR/LWAL+CDL/HBET:3-5,555.4866,RURAL,3404.5654
71,CR/LWAL+CDL/HBET:3-5,1496.1218,URBAN,9169.6984
71,MUR+CB/LWAL+CDN/H:1,86.7948,RURAL,531.9633
71,MUR+CB/LWAL+CDN/H:1,233.769,URBAN,1432.7654
71,MUR/LWAL+CDN/H:1,607.5635,RURAL,3723.7434
71,MUR/LWAL+CDN/H:1,1636.3832,URBAN,10029.3576
71,MUR/LWAL+CDN/H:1,69.4358,RURAL,425.5707
71,MUR/LWAL+CDN/H:1,187.0152,URBAN,1146.2123
71,W/LFM+CDL/H:1,416.615,RURAL,2553.4241
71,W/LFM+CDL/H:1,1122.0914,URBAN,6877.2738
72,CR/LWAL+CDL/HBET:3-5,2382.5927,RURAL,14602.8594
72,CR/LWAL+CDL/HBET:3-5,18530.46,URBAN,113572.7894
72,MUR+CB/LWAL+CDN/H:1,372.2801,RURAL,2281.6968
72,MUR+CB/LWAL+CDN/H:1,2895.3844,URBAN,17745.7484
72,MUR/LWAL+CDN/H:1,2605.9608,RURAL,15971.8775
72,MUR/LWAL+CDN/H:1,20267.6907,URBAN,124220.2385
72,MUR/LWAL+CDN/H:1,297.8241,RURAL,1825.3574
72,MUR/LWAL+CDN/H:1,2316.3075,URBAN,14196.5987
72,W/LFM+CDL/H:1,1786.9445,RURAL,10952.1446
72,W/LFM+CDL/H:1,13897.845,URBAN,85179.5921
73,CR/LWAL+CDL/HBET:3-5,1605.6772,RURAL,9841.1611
73,MUR+CB/LWAL+CDN/H:1,250.8871,RURAL,1537.6814
73,MUR/LWAL+CDN/H:1,1756.2095,RURAL,10763.7699
73,MUR/LWAL+CDN/H:1,200.7097,RURAL,1230.1451
73,W/LFM+CDL/H:1,1204.2579,RURAL,7380.8708
74,CR/LWAL+CDL/HBET:3-5,2010.8759,RURAL,12324.6152
74,MUR+CB/LWAL+CDN/H:1,314.1994,RURAL,1925.7211
74,MUR/LWAL+CDN/H:1,2199.3956,RURAL,13480.0478
74,MUR/LWAL+CDN/H:1,251.3595,RURAL,1540.5769
74,W/LFM+CDL/H:1,1508.1569,RURAL,9243.4614
75,CR/LWAL+CDL/HBET:3-5,866.3122,RURAL,5309.6089
75,MUR+CB/LWAL+CDN/H:1,135.3613,RURAL,829.6264
75,MUR/LWAL+CDN/H:1,947.529,RURAL,5807.3848
75,MUR/LWAL+CDN/H:1,108.289,RURAL,663.7011
75,W/LFM+CDL/H:1,649.7342,RURAL,3982.2067
76,CR/LWAL+CDL/HBET:3-5,2423.798,RURAL,14855.4054
76,CR/LWAL+CDL/HBET:3-5,8005.1934,URBAN,49063.6573
76,MUR+CB/LWAL+CDN/H:1,378.7184,RURAL,2321.1571
76,MUR+CB/LWAL+CDN/H:1,1250.8115,URBAN,7666.1965
76,MUR/LWAL+CDN/H:1,2651.029,RURAL,16248.0996
76,MUR/LWAL+CDN/H:1,8755.6802,URBAN,53663.3751
76,MUR/LWAL+CDN/H:1,302.9747,RURAL,1856.9257
76,MUR/LWAL+CDN/H:1,1000.6492,URBAN,6132.9572
76,W/LFM+CDL/H:1,1817.8485,RURAL,11141.554
76,W/LFM+CDL/H:1,6003.895,URBAN,36797.743
77,CR/LWAL+CDL/HBET:3-5,1722.0592,RURAL,10554.4635
77,MUR+CB/LWAL+CDN/H:1,269.0717,RURAL,1649.1349
77,MUR/LWAL+CDN/H:1,1883.5022,RURAL,11543.9445
77,MUR/LWAL+CDN/H:1,215.2574,RURAL,1319.3079
77,W/LFM+CDL/H:1,1291.5444,RURAL,7915.8476
78,CR/LWAL+CDL/HBET:3-5,2039.9696,RURAL,12502.9298
78,MUR+CB/LWAL+CDN/H:1,318.7453,RURAL,1953.5828
78,MUR/LWAL+CDN/H:1,2231.2168,RURAL,13675.0795
78,MUR/LWAL+CDN/H:1,254.9962,RURAL,1562.8662
78,W/LFM+CDL/H:1,1529.9772,RURAL,9377.1973
79,CR/LWAL+CDL/HBET:3-5,1089.3551,RURAL,6676.6336
79,CR/LWAL+CDL/HBET:3-5,2147.2317,URBAN,13160.337
79,MUR+CB/LWAL+CDN/H:1,170.2117,RURAL,1043.224
79,MUR+CB/LWAL+CDN/H:1,335.505,URBAN,2056.3027
79,MUR/LWAL+CDN/H:1,1191.4821,RURAL,7302.568
79,MUR/LWAL+CDN/H:1,2348.5347,URBAN,14394.1185
79,MUR/LWAL+CDN/H:1,136.1694,RURAL,834.5792
79,MUR/LWAL+CDN/H:1,268.404,URBAN,1645.0421
79,W/LFM+CDL/H:1,817.0163,RURAL,5007.4752
79,W/LFM+CDL/H:1,1610.4238,URBAN,9870.2527
80,CR/LWAL+CDL/HBET:3-5,2195.0238,RURAL,13453.2532
80,MUR+CB/LWAL+CDN/H:1,342.9725,RURAL,2102.0708
80,MUR/LWAL+CDN/H:1,2400.8072,RURAL,14714.4957
80,MUR/LWAL+CDN/H:1,274.378,RURAL,1681.6566
80,W/LFM+CDL/H:1,1646.2678,RURAL,10089.9399
81,CR/LWAL+CDL/HBET:3-5,2067.1056,RURAL,12669.2453
81,MUR+CB/LWAL+CDN/H:1,322.9852,RURAL,1979.5696
81,MUR/LWAL+CDN/H:1,2260.8967,RURAL,13856.987
81,MUR/LWAL+CDN/H:1,258.3882,RURAL,1583.6557
81,W/LFM+CDL/H:1,1550.3292,RURAL,9501.934
82,CR/LWAL+CDL/HBET:3-5,1783.0532,RURAL,10928.2945
82,MUR+CB/LWAL+CDN/H:1,278.6021,RURAL,1707.546
82,MUR/LWAL+CDN/H:1,1950.2144,RURAL,11952.8221
82,MUR/LWAL+CDN/H:1,222.8816,RURAL,1366.0368
82,W/LFM+CDL/H:1,1337.2899,RURAL,8196.2208
83,CR/LWAL+CDL/HBET:3-5,2237.2797,RURAL,13712.2392
83,MUR+CB/LWAL+CDN/H:1,349.575,RURAL,2142.5374
83,MUR/LWAL+CDN/H:1,2447.0247,RURAL,14997.7616
83,MUR/LWAL+CDN/H:1,279.66,RURAL,1714.0299
83,W/LFM+CDL/H:1,1677.9598,RURAL,10284.1794
84,CR/LWAL+CDL/HBET:3-5,2235.6242,RURAL,13702.0922
84,MUR+CB/LWAL+CDN/H:1,349.3163,RURAL,2140.9519
84,MUR/LWAL+CDN/H:1,2445.2139,RURAL,14986.6633
84,MUR/LWAL+CDN/H:1,279.453,RURAL,1712.7615
84,W/LFM+CDL/H:1,1676.7181,RURAL,10276.5691
85,CR/LWAL+CDL/HBET:3-5,1681.9484,RURAL,10308.6257
85,CR/LWAL+CDL/HBET:3-5,5877.4527,URBAN,36022.7805
85,MUR+CB/LWAL+CDN/H:1,262.8044,RURAL,1610.7228
85,MUR+CB/LWAL+CDN/H:1,918.352,URBAN,5628.5595
85,MUR/LWAL+CDN/H:1,1839.6311,RURAL,11275.0594
85,MUR/LWAL+CDN/H:1,6428.4639,URBAN,39399.9161
85,MUR/LWAL+CDN/H:1,210.2436,RURAL,1288.5782
85,MUR/LWAL+CDN/H:1,734.6816,URBAN,4502.8476
85,W/LFM+CDL/H:1,1261.4613,RURAL,7731.4693
85,W/LFM+CDL/H:1,4408.0895,URBAN,27017.0854
86,CR/LWAL+CDL/HBET:3-5,1132.5552,RURAL,6941.4066
86,CR/LWAL+CDL/HBET:3-5,93767.6101,URBAN,574699.6574
86,MUR+CB/LWAL+CDN/H:1,176.9618,RURAL,1084.5948
86,MUR+CB/LWAL+CDN/H:1,14651.1891,URBAN,89796.8215
86,MUR/LWAL+CDN/H:1,1238.7323,RURAL,7592.1635
86,MUR/LWAL+CDN/H:1,102558.3236,URBAN,628577.7503
86,MUR/LWAL+CDN/H:1,141.5694,RURAL,867.6758
86,MUR/LWAL+CDN/H:1,11720.9513,URBAN,71837.4572
86,W/LFM+CDL/H:1,849.4164,RURAL,5206.0549
86,W/LFM+CDL/H:1,70325.7076,URBAN,431024.743
87,CR/LWAL+CDL/HBET:3-5,1950.348,RURAL,11953.6406
87,MUR+CB/LWAL+CDN/H:1,304.7419,RURAL,1867.7563
87,MUR/LWAL+CDN/H:1,2133.1931,RURAL,13074.2944
87,MUR/LWAL+CDN/H:1,243.7935,RURAL,1494.2051
87,W/LFM+CDL/H:1,1462.761,RURAL,8965.2304
88,CR/LWAL+CDL/HBET:3-5,2299.0319,RURAL,14090.7166
88,MUR+CB/LWAL+CDN/H:1,359.2237,RURAL,2201.6745
88,MUR/LWAL+CDN/H:1,2514.5661,RURAL,15411.7213
88,MUR/LWAL+CDN/H:1,287.379,RURAL,1761.3396
88,W/LFM+CDL/H:1,1724.2739,RURAL,10568.0375
89,CR/LWAL+CDL/HBET:3-5,2839.923,RURAL,17405.8265
89,CR/LWAL+CDL/HBET:3-5,1207.052,URBAN,7397.9958
89,MUR+CB/LWAL+CDN/H:1,443.738,RURAL,2719.6604
89,MUR+CB/LWAL+CDN/H:1,188.6019,URBAN,1155.9369
89,MUR/LWAL+CDN/H:1,3106.1657,RURAL,19037.6228
89,MUR/LWAL+CDN/H:1,1320.2132,URBAN,8091.5579
89,MUR/LWAL+CDN/H:1,354.9904,RURAL,2175.7283
89,MUR/LWAL+CDN/H:1,150.8815,URBAN,924.7495
89,W/LFM+CDL/H:1,2129.9422,RURAL,13054.3699
89,W/LFM+CDL/H:1,905.289,URBAN,5548.4969
90,CR/LWAL+CDL/HBET:3-5,2856.5283,RURAL,17507.6005
90,CR/LWAL+CDL/HBET:3-5,4839.6952,URBAN,29662.3872
90,MUR+CB/LWAL+CDN/H:1,446.3326,RURAL,2735.5626
90,MUR+CB/LWAL+CDN/H:1,756.2024,URBAN,4634.748
90,MUR/LWAL+CDN/H:1,3124.3279,RURAL,19148.9381
90,MUR/LWAL+CDN/H:1,5293.4166,URBAN,32443.236
90,MUR/LWAL+CDN/H:1,357.066,RURAL,2188.4501
90,MUR/LWAL+CDN/H:1,604.9619,URBAN,3707.7984
90,W/LFM+CDL/H:1,2142.3963,RURAL,13130.7004
90,W/LFM+CDL/H:1,3629.7714,URBAN,22246.7904
91,CR/LWAL+CDL/HBET:3-5,1630.7875,RURAL,9995.0614
91,CR/LWAL+CDL/HBET:3-5,3683.6829,URBAN,22577.2131
91,MUR+CB/LWAL+CDN/H:1,254.8105,RURAL,1561.7283
91,MUR+CB/LWAL+CDN/H:1,575.5755,URBAN,3527.6895
91,MUR/LWAL+CDN/H:1,1783.6738,RURAL,10932.0984
91,MUR/LWAL+CDN/H:1,4029.0282,URBAN,24693.8268
91,MUR/LWAL+CDN/H:1,203.8484,RURAL,1249.3827
91,MUR/LWAL+CDN/H:1,460.4604,URBAN,2822.1516
91,W/LFM+CDL/H:1,1223.0906,RURAL,7496.2961
91,W/LFM+CDL/H:1,2762.7622,URBAN,16932.9098
92,CR/LWAL+CDL/HBET:3-5,1051.6483,RURAL,6445.5299
92,CR/LWAL+CDL/HBET:3-5,5240.5263,URBAN,32119.0724
92,MUR+CB/LWAL+CDN/H:1,164.3201,RURAL,1007.114
92,MUR+CB/LWAL+CDN/H:1,818.8322,URBAN,5018.6051
92,MUR/LWAL+CDN/H:1,1150.2404,RURAL,7049.7983
92,MUR/LWAL+CDN/H:1,5731.8256,URBAN,35130.2354
92,MUR/LWAL+CDN/H:1,131.456,RURAL,805.6912
92,MUR/LWAL+CDN/H:1,655.0658,URBAN,4014.884
92,W/LFM+CDL/H:1,788.7362,RURAL,4834.1474
92,W/LFM+CDL/H:1,3930.3947,URBAN,24089.3043
93,CR/LWAL+CDL/HBET:3-5,1365.7162,RURAL,8370.4453
93,MUR+CB/LWAL+CDN/H:1,213.3932,RURAL,1307.8821
93,MUR/LWAL+CDN/H:1,1493.7521,RURAL,9155.1745
93,MUR/LWAL+CDN/H:1,170.7145,RURAL,1046.3057
93,W/LFM+CDL/H:1,1024.2872,RURAL,6277.834
94,CR/LWAL+CDL/HBET:3-5,2445.9629,RURAL,14991.2539
94,MUR+CB/LWAL+CDN/H:1,382.1817,RURAL,2342.3834
94,MUR/LWAL+CDN/H:1,2675.2719,RURAL,16396.684
94,MUR/LWAL+CDN/H:1,305.7454,RURAL,1873.9067
94,W/LFM+CDL/H:1,1834.4722,RURAL,11243.4404
95,CR/LWAL+CDL/HBET:3-5,1429.643,RURAL,8762.2513
95,MUR+CB/LWAL+CDN/H:1,223.3817,RURAL,1369.1018
95,MUR/LWAL+CDN/H:1,1563.6721,RURAL,9583.7123
95,MUR/LWAL+CDN/H:1,178.7054,RURAL,1095.2814
95,W/LFM+CDL/H:1,1072.2323,RURAL,6571.6884
96,CR/LWAL+CDL/HBET:3-5,1986.092,RURAL,12172.7151
96,CR/LWAL+CDL/HBET:3-5,491.0949,URBAN,3009.9101
96,MUR+CB/LWAL+CDN/H:1,310.3269,RURAL,1901.9867
96,MUR+CB/LWAL+CDN/H:1,76.7336,URBAN,470.2984
96,MUR/LWAL+CDN/H:1,2172.2881,RURAL,13313.9072
96,MUR/LWAL+CDN/H:1,537.1351,URBAN,3292.0891
96,MUR/LWAL+CDN/H:1,248.2615,RURAL,1521.5894
96,MUR/LWAL+CDN/H:1,61.3869,URBAN,376.2388
96,W/LFM+CDL/H:1,1489.569,RURAL,9129.5363
96,W/LFM+CDL/H:1,368.3212,URBAN,2257.4326
97,CR/LWAL+CDL/HBET:3-5,3307.1467,RURAL,20269.4305
97,MUR+CB/LWAL+CDN/H:1,516.7417,RURAL,3167.0985
97,MUR/LWAL+CDN/H:1,3617.1917,RURAL,22169.6896
97,MUR/LWAL+CDN/H:1,413.3933,RURAL,2533.6788
97,W/LFM+CDL/H:1,2480.36,RURAL,15202.0729
98,CR/LWAL+CDL/HBET:3-5,2373.1569,RURAL,14545.0275
98,CR/LWAL+CDL/HBET:3-5,7085.3441,URBAN,43425.921
98,MUR+CB/LWAL+CDN/H:1,370.8058,RURAL,2272.6605
98,MUR+CB/LWAL+CDN/H:1,1107.085,URBAN,6785.3002
98,MUR/LWAL+CDN/H:1,2595.6404,RURAL,15908.6239
98,MUR/LWAL+CDN/H:1,7749.5951,URBAN,47497.1011
98,MUR/LWAL+CDN/H:1,296.6446,RURAL,1818.1284
98,MUR/LWAL+CDN/H:1,885.668,URBAN,5428.2401
98,W/LFM+CDL/H:1,1779.8677,RURAL,10908.7706
98,W/LFM+CDL/H:1,5314.0081,URBAN,32569.4407
99,CR/LWAL+CDL/HBET:3-5,1860.5426,RURAL,11403.2251
99,CR/LWAL+CDL/HBET:3-5,5.187,URBAN,31.7909
99,MUR+CB/LWAL+CDN/H:1,290.7098,RURAL,1781.7539
99,MUR/LWAL+CDN/H:1,2034.9684,RURAL,12472.2775
99,MUR/LWAL+CDN/H:1,5.6733,URBAN,34.7713
99,MUR/LWAL+CDN/H:1,232.5678,RURAL,1425.4031
99,W/LFM+CDL/H:1,1395.4069,RURAL,8552.4189
99,W/LFM+CDL/H:1,3.8902,URBAN,23.8432
100,CR/LWAL+CDL/HBET:3-5,1238.4104,RURAL,7590.1903
100,MUR+CB/LWAL+CDN/H:1,193.5016,RURAL,1185.9672
100,MUR/LWAL+CDN/H:1,1354.5113,RURAL,8301.7707
100,MUR/LWAL+CDN/H:1,154.8013,RURAL,948.7738
100,W/LFM+CDL/H:1,928.8078,RURAL,5692.6427
101,CR/LWAL+CDL/HBET:3-5,2139.3297,RURAL,13111.9053
101,MUR+CB/LWAL+CDN/H:1,334.2703,RURAL,2048.7352
101,MUR/LWAL+CDN/H:1,2339.8918,RURAL,14341.1464
101,MUR/LWAL+CDN/H:1,267.4162,RURAL,1638.9882
101,W/LFM+CDL/H:1,1604.4972,RURAL,9833.929
102,CR/LWAL+CDL/HBET:3-5,1804.5024,RURAL,11059.7563
102,MUR+CB/LWAL+CDN/H:1,281.9535,RURAL,1728.0869
102,MUR/LWAL+CDN/H:1,1973.6745,RURAL,12096.6085
102,MUR/LWAL+CDN/H:1,225.5628,RURAL,1382.4695
102,W/LFM+CDL/H:1,1353.3768,RURAL,8294.8172
103,CR/LWAL+CDL/HBET:3-5,1164.1237,RURAL,7134.8888
103,MUR+CB/LWAL+CDN/H:1,181.8943,RURAL,1114.8264
103,MUR/LWAL+CDN/H:1,1273.2603,RURAL,7803.7847
103,MUR/LWAL+CDN/H:1,145.5155,RURAL,891.8611
103,W/LFM+CDL/H:1,873.0928,RURAL,5351.1666
104,CR/LWAL+CDL/HBET:3-5,1800.8685,RURAL,11037.484
104,MUR+CB/LWAL+CDN/H:1,281.3857,RURAL,1724.6069
104,MUR/LWAL+CDN/H:1,1969.6999,RURAL,12072.2481
104,MUR/LWAL+CDN/H:1,225.1086,RURAL,1379.6855
104,W/LFM+CDL/H:1,1350.6514,RURAL,8278.113
105,CR/LWAL+CDL/HBET:3-5,2581.3467,RURAL,15821.0183
105,MUR+CB/LWAL+CDN/H:1,403.3354,RURAL,2472.0341
105,MUR/LWAL+CDN/H:1,2823.348,RURAL,17304.2387
105,MUR/LWAL+CDN/H:1,322.6683,RURAL,1977.6273
105,W/LFM+CDL/H:1,1936.01,RURAL,11865.7637
106,CR/LWAL+CDL/HBET:3-5,2232.526,RURAL,13683.1038
106,MUR+CB/LWAL+CDN/H:1,348.8322,RURAL,2137.985
106,MUR/LWAL+CDN/H:1,2441.8253,RURAL,14965.8948
106,MUR/LWAL+CDN/H:1,279.0658,RURAL,1710.388
106,W/LFM+CDL/H:1,1674.3945,RURAL,10262.3278
107,CR/LWAL+CDL/HBET:3-5,1178.2516,RURAL,7221.4788
107,MUR+CB/LWAL+CDN/H:1,184.1018,RURAL,1128.3561
107,MUR/LWAL+CDN/H:1,1288.7127,RURAL,7898.4925
107,MUR/LWAL+CDN/H:1,147.2815,RURAL,902.6849
107,W/LFM+CDL/H:1,883.6887,RURAL,5416.1091
108,CR/LWAL+CDL/HBET:3-5,1691.5043,RURAL,10367.1931
108,MUR+CB/LWAL+CDN/H:1,264.2975,RURAL,1619.8739
108,MUR/LWAL+CDN/H:1,1850.0828,RURAL,11339.1174
108,MUR/LWAL+CDN/H:1,211.438,RURAL,1295.8991
108,W/LFM+CDL/H:1,1268.6282,RURAL,7775.3948
109,CR/LWAL+CDL/HBET:3-5,1846.6463,RURAL,11318.0555
109,CR/LWAL+CDL/HBET:3-5,650.1984,URBAN,3985.0523
109,MUR+CB/LWAL+CDN/H:1,288.5385,RURAL,1768.4462
109,MUR+CB/LWAL+CDN/H:1,101.5935,URBAN,622.6644
109,MUR/LWAL+CDN/H:1,2019.7694,RURAL,12379.1232
109,MUR/LWAL+CDN/H:1,711.1546,URBAN,4358.6509
109,MUR/LWAL+CDN/H:1,230.8308,RURAL,1414.7569
109,MUR/LWAL+CDN/H:1,81.2748,URBAN,498.1315
109,W/LFM+CDL/H:1,1384.9847,RURAL,8488.5416
109,W/LFM+CDL/H:1,487.6488,URBAN,2988.7892
110,CR/LWAL+CDL/HBET:3-5,2470.2896,RURAL,15140.3517
110,CR/LWAL+CDL/HBET:3-5,9273.5177,URBAN,56837.1898
110,MUR+CB/LWAL+CDN/H:1,385.9828,RURAL,2365.68
110,MUR+CB/LWAL+CDN/H:1,1448.9871,URBAN,8880.8109
110,MUR/LWAL+CDN/H:1,2701.8793,RURAL,16559.7597
110,MUR/LWAL+CDN/H:1,10142.91,URBAN,62165.6763
110,MUR/LWAL+CDN/H:1,308.7862,RURAL,1892.544
110,MUR/LWAL+CDN/H:1,1159.1897,URBAN,7104.6487
110,W/LFM+CDL/H:1,1852.7172,RURAL,11355.2638
110,W/LFM+CDL/H:1,6955.1383,URBAN,42627.8923
111,CR/LWAL+CDL/HBET:3-5,820.1329,RURAL,5026.5768
111,MUR+CB/LWAL+CDN/H:1,128.1458,RURAL,785.4026
111,MUR/LWAL+CDN/H:1,897.0204,RURAL,5497.8184
111,MUR/LWAL+CDN/H:1,102.5166,RURAL,628.3221
111,W/LFM+CDL/H:1,615.0997,RURAL,3769.9326
112,CR/LWAL+CDL/HBET:3-5,1237.3962,RURAL,7583.9744
112,MUR+CB/LWAL+CDN/H:1,193.3432,RURAL,1184.996
112,MUR/LWAL+CDN/H:1,1353.4021,RURAL,8294.972
112,MUR/LWAL+CDN/H:1,154.6745,RURAL,947.9968
112,W/LFM+CDL/H:1,928.0471,RURAL,5687.9808
113,CR/LWAL+CDL/HBET:3-5,1389.9022,RURAL,8518.6803
113,MUR+CB/LWAL+CDN/H:1,217.1722,RURAL,1331.0438
113,MUR/LWAL+CDN/H:1,1520.2055,RURAL,9317.3065
113,MUR/LWAL+CDN/H:1,173.7378,RURAL,1064.835
113,W/LFM+CDL/H:1,1042.4266,RURAL,6389.0102
114,CR/LWAL+CDL/HBET:3-5,1786.73,RURAL,10950.8297
114,MUR+CB/LWAL+CDN/H:1,279.1766,RURAL,1711.0671
114,MUR/LWAL+CDN/H:1,1954.236,RURAL,11977.47
114,MUR/LWAL+CDN/H:1,223.3413,RURAL,1368.8537
114,W/LFM+CDL/H:1,1340.0475,RURAL,8213.1223
115,CR/LWAL+CDL/HBET:3-5,1872.6442,RURAL,11477.3957
115,MUR+CB/LWAL+CDN/H:1,292.6007,RURAL,1793.3431
115,MUR/LWAL+CDN/H:1,2048.2046,RURAL,12553.4015
115,MUR/LWAL+CDN/H:1,234.0805,RURAL,1434.6745
115,W/LFM+CDL/H:1,1404.4831,RURAL,8608.0468
116,CR/LWAL+CDL/HBET:3-5,1130.3771,RURAL,6928.0569
116,MUR+CB/LWAL+CDN/H:1,176.6214,RURAL,1082.5089
116,MUR/LWAL+CDN/H:1,1236.35,RURAL,7577.5622
116,MUR/LWAL+CDN/H:1,141.2971,RURAL,866.0071
116,W/LFM+CDL/H:1,847.7828,RURAL,5196.0426
117,CR/LWAL+CDL/HBET:3-5,2484.949,RURAL,15230.1985
117,CR/LWAL+CDL/HBET:3-5,18000.4037,URBAN,110324.0858
117,MUR+CB/LWAL+CDN/H:1,388.2733,RURAL,2379.7185
117,MUR+CB/LWAL+CDN/H:1,2812.5631,URBAN,17238.1384
117,MUR/LWAL+CDN/H:1,2717.9129,RURAL,16658.0296
117,MUR/LWAL+CDN/H:1,19687.9416,URBAN,120666.9688
117,MUR/LWAL+CDN/H:1,310.6186,RURAL,1903.7748
117,MUR/LWAL+CDN/H:1,2250.0505,URBAN,13790.5107
117,W/LFM+CDL/H:1,1863.7117,RURAL,11422.6488
117,W/LFM+CDL/H:1,13500.3028,URBAN,82743.0643
118,CR/LWAL+CDL/HBET:3-5,1570.8646,RURAL,9627.7954
118,MUR+CB/LWAL+CDN/H:1,245.4476,RURAL,1504.343
118,MUR/LWAL+CDN/H:1,1718.1332,RURAL,10530.4012
118,MUR/LWAL+CDN/H:1,196.3581,RURAL,1203.4744
118,W/LFM+CDL/H:1,1178.1485,RURAL,7220.8466